titre,prix,type_bien,localisation,superficie,description,date_publication,lien
Villa jamais habitée à vendre à Hammamet.,620000DT,Maisons et Villas,Nabeul,N/A,Villa jamais habitée à vendre à Hammamet.,14/02/2025,https://www.tayara.tn/item/67fa99f1fd1c6385be4cf711/Maisons%20et%20Villas/Nabeul/Hammamet/Villa_jamais_habite_vendre_Hammamet/
Fond de commerce en plein centre ville Sfax,N/A,"Magasins, Commerces et Locaux industriels",Sfax,N/A,Fond de commerce en plein centre ville Sfax,14/02/2025,https://www.tayara.tn/item/67fbeb7ffd1c6385be4debc2/Magasins%2C%20Commerces%20et%20Locaux%20industriels/Sfax/Sfax_Ville/Fond_de_commerce_en_plein_centre_ville_Sfax/
duplex à louer à Oued ellil,900DT,Maisons et Villas,La Manouba,N/A,duplex à louer à Oued ellil,14/02/2025,https://www.tayara.tn/item/67fbeab6ca3467b14e7d6e67/Maisons%20et%20Villas/La_Manouba/Oued_Ellil/duplex_louer_Oued_ellil_/
أرض للبيع,330000DT,Terrains et Fermes,Sfax,N/A,أرض للبيع,14/02/2025,https://www.tayara.tn/item/67fbea5eca3467b14e7d6e1a/Terrains%20et%20Fermes/Sfax/Sakiet_Eddaer/_/
S+2 en location à ennasr 2,1050DT,Appartements,Ariana,N/A,S+2 en location à ennasr 2,14/02/2025,https://www.tayara.tn/item/67b4648086d5f7a45c1d7e9c/Appartements/Ariana/Cit_Ennasr_2/S2_en_location_ennasr_2/
شقة للبيع في باب الخضراء,N/A,Appartements,Tunis,N/A,شقة للبيع في باب الخضراء,14/02/2025,https://www.tayara.tn/item/67f94380ca3467b14e7b6937/Appartements/Tunis/Tunis/_/
A louer appartements meublés par nuitée ou mensuel,80DT,Appartements,Tunis,N/A,A louer appartements meublés par nuitée ou mensuel,14/02/2025,https://www.tayara.tn/item/66bf552e92d9e2cb542f889a/Appartements/Tunis/L_Aouina/A_louer_appartements_meubls_par_nuite_ou_mensuel/
Terrain a vendre,N/A,Terrains et Fermes,Sfax,N/A,Terrain a vendre,14/02/2025,https://www.tayara.tn/item/67fbe8ccca3467b14e7d6c78/Terrains%20et%20Fermes/Sfax/Sakiet_Ezzit/Terrain_a_vendre/
studio meublé par nuitée a l'aouina,N/A,Appartements,Tunis,N/A,studio meublé par nuitée a l'aouina,14/02/2025,https://www.tayara.tn/item/67fbe81fca3467b14e7d6bd3/Appartements/Tunis/L_Aouina/studio_meubl_par_nuite_a_laouina/
A louer bardo route X,N/A,"Magasins, Commerces et Locaux industriels",Tunis,N/A,A louer bardo route X,14/02/2025,https://www.tayara.tn/item/67fbe74cfd1c6385be4de79b/Magasins%2C%20Commerces%20et%20Locaux%20industriels/Tunis/Le_Bardo/A_louer_bardo_route_X/
A VENDRE,N/A,Maisons et Villas,Ben Arous,N/A,A VENDRE,14/02/2025,https://www.tayara.tn/item/67f3fc81fd1c6385be476fcb/Maisons%20et%20Villas/Ben_Arous/Boumhel/A_VENDRE/
À vendre un appartement S+2 à HAMMAMET 27246313,250000DT,Appartements,Nabeul,N/A,À vendre un appartement S+2 à HAMMAMET 27246313,14/02/2025,https://www.tayara.tn/item/67f64dacca3467b14e789b18/Appartements/Nabeul/Hammamet/_vendre_un_appartement_S2_HAMMAMET_27246313/
À VENDRE – MAISON À HAMMAM CHATT COTÉ MONTAGNE,650000DT,Maisons et Villas,Ben Arous,N/A,À VENDRE – MAISON À HAMMAM CHATT COTÉ MONTAGNE,14/02/2025,https://www.tayara.tn/item/67fbe4cfca3467b14e7d686d/Maisons%20et%20Villas/Ben_Arous/Hammam_Chott/_VENDRE_MAISON_HAMMAM_CHATT_COT_MONTAGNE/
للإيجار شقة جديدة الترميم بالكامل ونظيفة جدا بحي فاخر بحي النّصر صالة مع شرفة مفتوحة على الشارع الرئيسي وغرفتين نوم مع منظر مفتوح على كامل تونس الكبرى,29630600DT,Appartements,Ariana,N/A,للإيجار شقة جديدة الترميم بالكامل ونظيفة جدا بحي فاخر بحي النّصر صالة مع شرفة مفتوحة على الشارع الرئيسي وغرفتين نوم مع منظر مفتوح على كامل تونس الكبرى,14/02/2025,https://www.tayara.tn/item/67fbe342fd1c6385be4de336/Appartements/Ariana/Cit_Ennasr_2/_/
S+3  en vente à Jardin d'ennassr,410000DT,Maisons et Villas,Ariana,N/A,S+3  en vente à Jardin d'ennassr,14/02/2025,https://www.tayara.tn/item/67af07f486d5f7a45c1a115d/Maisons%20et%20Villas/Ariana/Cit_Ennasr_2/S3_en_vente_Jardin_dennassr/
A Vendre un Terrain à Hammamet sud : 27246302,N/A,Terrains et Fermes,Nabeul,N/A,A Vendre un Terrain à Hammamet sud : 27246302,14/02/2025,https://www.tayara.tn/item/67b1b7610b5f1b5530fdc12c/Terrains%20et%20Fermes/Nabeul/Hammamet/A_Vendre_un_Terrain_Hammamet_sud_27246302_/
À VENDRE – VILLA EN PIERRE – FRANCEVILLE/TUNIS,750000DT,Maisons et Villas,Tunis,N/A,À VENDRE – VILLA EN PIERRE – FRANCEVILLE/TUNIS,14/02/2025,https://www.tayara.tn/item/67a8c9d60b5f1b5530f760f4/Maisons%20et%20Villas/Tunis/El_Omrane/_VENDRE_VILLA_EN_PIERRE_FRANCEVILLETUNIS/
appartement studio location par jour nuitée,80DT,Locations de vacances,Tunis,N/A,appartement studio location par jour nuitée,14/02/2025,https://www.tayara.tn/item/67fbe1aefd1c6385be4de182/Locations%20de%20vacances/Tunis/Ain_Zaghouan_Sud/appartement_studio_location_par_jour_nuite_/
"S+2 à vendre, idéal pour habitation",258000DT,Appartements,Mahdia,N/A,"S+2 à vendre, idéal pour habitation",14/02/2025,https://www.tayara.tn/item/677b9dd3b7de28167ecf3745/Appartements/Mahdia/Mahdia/S2_vendre_idal_pour_habitation_/
studio meublé a laouina,120DT,Appartements,Tunis,N/A,studio meublé a laouina,14/02/2025,https://www.tayara.tn/item/67fbe08dfd1c6385be4de061/Appartements/Tunis/L_Aouina/studio_meubl_a_laouina_/
maison à louer à Hay rommana s 2,650DT,Maisons et Villas,Tunis,N/A,maison à louer à Hay rommana s 2,14/02/2025,https://www.tayara.tn/item/67fbe001fd1c6385be4ddfcd/Maisons%20et%20Villas/Tunis/Le_Bardo/maison_louer_Hay_rommana_s_2_/
tél 22214299 commercial 440 m2,1800DT,"Magasins, Commerces et Locaux industriels",Monastir,N/A,tél 22214299 commercial 440 m2,14/02/2025,https://www.tayara.tn/item/67fbdffafd1c6385be4ddfc7/Magasins%2C%20Commerces%20et%20Locaux%20industriels/Monastir/Monastir/tl_22214299_commercial_440_m2_/
s+3 à kélibia,100DT,Locations de vacances,Nabeul,N/A,s+3 à kélibia,14/02/2025,https://www.tayara.tn/item/67fbdfb2fd1c6385be4ddf90/Locations%20de%20vacances/Nabeul/Klibia/s3_klibia_/
"عقار للبيع في طريق الأفران كم 1,5 صفاقس",N/A,Terrains et Fermes,Sfax,N/A,"عقار للبيع في طريق الأفران كم 1,5 صفاقس",14/02/2025,https://www.tayara.tn/item/67fbdf90fd1c6385be4ddf6a/Terrains%20et%20Fermes/Sfax/Route_El_Afrane/_15_/
A vendre un appartement en s+1,200000DT,Appartements,Tunis,N/A,A vendre un appartement en s+1,14/02/2025,https://www.tayara.tn/item/67936c85a487ea2259bc63f5/Appartements/Tunis/L_Aouina/A_vendre_un_appartement_en_s1/
s+1 à vendre,249000DT,Appartements,Tunis,N/A,s+1 à vendre,14/02/2025,https://www.tayara.tn/item/67dd401efd1c6385be3a119f/Appartements/Tunis/L_Aouina/s1_vendre_/
À.V 866 m2 sur autoroute kalaa sghira,215000DT,Terrains et Fermes,Sousse,N/A,À.V 866 m2 sur autoroute kalaa sghira,14/02/2025,https://www.tayara.tn/item/67fbdec1ca3467b14e7d6227/Terrains%20et%20Fermes/Sousse/Kala_Sghira/V_866_m2_sur_autoroute_kalaa_sghira/
Belle Maison à vendre,320000DT,Maisons et Villas,Ariana,N/A,Belle Maison à vendre,14/02/2025,https://www.tayara.tn/item/67fbde8bca3467b14e7d61e3/Maisons%20et%20Villas/Ariana/Ghazela/Belle_Maison_vendre_/
Appartement S1 luxueux meublé pour vos vacances courte durée,80DT,Locations de vacances,Tunis,N/A,Appartement S1 luxueux meublé pour vos vacances courte durée,14/02/2025,https://www.tayara.tn/item/67fbde31fd1c6385be4dddfa/Locations%20de%20vacances/Tunis/Ain_Zaghouen/Appartement_S1_luxueux_meubl_pour_vos_vacances_courte_dure_/
Appartement S1 luxueux meublé pour vos vacances courte durée,80DT,Locations de vacances,Tunis,N/A,Appartement S1 luxueux meublé pour vos vacances courte durée,14/02/2025,https://www.tayara.tn/item/67fbdddcfd1c6385be4ddd8b/Locations%20de%20vacances/Tunis/Ain_Zaghouen/Appartement_S1_luxueux_meubl_pour_vos_vacances_courte_dure_/
Appartement S1 luxueux meublé pour vos vacances courte durée,80DT,Locations de vacances,Tunis,N/A,Appartement S1 luxueux meublé pour vos vacances courte durée,14/02/2025,https://www.tayara.tn/item/67fbdd84fd1c6385be4ddd13/Locations%20de%20vacances/Tunis/Ain_Zaghouen/Appartement_S1_luxueux_meubl_pour_vos_vacances_courte_dure_/
Penthouse en S+4 à louer,10000DT,Appartements,Tunis,N/A,Penthouse en S+4 à louer,14/02/2025,https://www.tayara.tn/item/67ae0f2286d5f7a45c198e57/Appartements/Tunis/Lac_2/Penthouse_en_S4_louer_/
Villa individuelle en vente,980000DT,Maisons et Villas,Ben Arous,N/A,Villa individuelle en vente,14/02/2025,https://www.tayara.tn/item/6758752b8729cead59ea6889/Maisons%20et%20Villas/Ben_Arous/Boumhel/Villa_individuelle_en_vente/
Maison à vendre,170000DT,Maisons et Villas,Ben Arous,N/A,Maison à vendre,14/02/2025,https://www.tayara.tn/item/67fbdcafca3467b14e7d5f9a/Maisons%20et%20Villas/Ben_Arous/Medina_Jedida/Maison_vendre/
A louer S+1 meublé,1100DT,Maisons et Villas,Ariana,N/A,A louer S+1 meublé,14/02/2025,https://www.tayara.tn/item/67f69619fd1c6385be4965aa/Maisons%20et%20Villas/Ariana/Cit_Ennasr_2/A_louer_S1_meubl/
Un appartement s+2 tres propre  a hammem chatt,600DT,Appartements,Ben Arous,N/A,Un appartement s+2 tres propre  a hammem chatt,14/02/2025,https://www.tayara.tn/item/67fbdc42ca3467b14e7d5f47/Appartements/Ben_Arous/Hammam_Chott/Un_appartement_s2_tres_propre_a_hammem_chatt_/
Appartement S+2 للبيع à vendre,180000DT,Appartements,Sousse,N/A,Appartement S+2 للبيع à vendre,14/02/2025,https://www.tayara.tn/item/67fbdb90fd1c6385be4ddb4f/Appartements/Sousse/Chatt_mariem/Appartement_S2_vendre_/
Studios à louer par jour et semaines,70DT,Locations de vacances,Sousse,N/A,Studios à louer par jour et semaines,14/02/2025,https://www.tayara.tn/item/67fbdb47ca3467b14e7d5e65/Locations%20de%20vacances/Sousse/Kantaoui/Studios_louer_par_jour_et_semaines_/
Villa individuelle en vente Ariana - Riadh Landalous,2150000DT,Maisons et Villas,Ariana,N/A,Villa individuelle en vente Ariana - Riadh Landalous,14/02/2025,https://www.tayara.tn/item/67c03a5faf2813f8075b63aa/Maisons%20et%20Villas/Ariana/Riadh_Andalous/Villa_individuelle_en_vente_Ariana_Riadh_Landalous/
S+2 en vente Ariana - Riadh Landalous,300000DT,Appartements,Ariana,N/A,S+2 en vente Ariana - Riadh Landalous,14/02/2025,https://www.tayara.tn/item/67f5a197ca3467b14e784c5e/Appartements/Ariana/Riadh_Andalous/S2_en_vente_Ariana_Riadh_Landalous/
Studio en vente dans une résidence avec piscine,130000DT,Appartements,Sousse,N/A,Studio en vente dans une résidence avec piscine,14/02/2025,https://www.tayara.tn/item/6746f7db3c20a99fb55a2ead/Appartements/Sousse/Chatt_mariem/Studio_en_vente_dans_une_rsidence_avec_piscine_/
villa à Hammamet (S+2) R.D.C ou étage,70DT,Locations de vacances,Nabeul,N/A,villa à Hammamet (S+2) R.D.C ou étage,14/02/2025,https://www.tayara.tn/item/67fbd949ca3467b14e7d5c97/Locations%20de%20vacances/Nabeul/Hammamet/villa_Hammamet_S2_RDC_ou_tage/
S+2 de 68 m² à nour jaafer,125000DT,Appartements,Ariana,,S+2 de 68 m² à nour jaafer,14/02/2025,https://www.tayara.tn/item/67f69178fd1c6385be4960fd/Appartements/Ariana/Ghazela/S2_de_68_m_nour_jaafer_/
S+2 en Vente à Ennasr 2,295000DT,Appartements,Ariana,N/A,S+2 en Vente à Ennasr 2,14/02/2025,https://www.tayara.tn/item/675488680d8480a1e01e698d/Appartements/Ariana/Cit_Ennasr_2/S2_en_Vente_Ennasr_2/
Terrain a Vendre,280000DT,Terrains et Fermes,Mahdia,N/A,Terrain a Vendre,14/02/2025,https://www.tayara.tn/item/67dd2f56fd1c6385be3a03af/Terrains%20et%20Fermes/Mahdia/Autres_Villes/Terrain_a_Vendre_/
Av Terrain à Djerba El Hachane Avec Titre foncier individuel,250000DT,Terrains et Fermes,Médenine,N/A,Av Terrain à Djerba El Hachane Avec Titre foncier individuel,14/02/2025,https://www.tayara.tn/item/67fbd5dcfd1c6385be4dd5c8/Terrains%20et%20Fermes/Mdenine/Djerba_Houmt_Souk/Av_Terrain_Djerba_El_Hachane_Avec_Titre_foncier_individuel_/
Villa inachevée a vendre,370000DT,Maisons et Villas,Mahdia,N/A,Villa inachevée a vendre,14/02/2025,https://www.tayara.tn/item/67da88bdfd1c6385be388459/Maisons%20et%20Villas/Mahdia/Autres_Villes/Villa_inacheve_a_vendre_/
"Appartement S+2 à Ezzahra plage, Kélibia à 3min à pieds de la plage",240000DT,Appartements,Nabeul,N/A,"Appartement S+2 à Ezzahra plage, Kélibia à 3min à pieds de la plage",14/02/2025,https://www.tayara.tn/item/67f930f8ca3467b14e7b5430/Appartements/Nabeul/Klibia/Appartement_S2_Ezzahra_plage_Klibia_3min_pieds_de_la_plage_/
Appartement en s+3 à vendre,510000DT,Appartements,Tunis,N/A,Appartement en s+3 à vendre,14/02/2025,https://www.tayara.tn/item/67f68da5ca3467b14e78e0c5/Appartements/Tunis/La_Goulette/Appartement_en_s3_vendre_/
villa S+3 A alouer 4min plage  marsa,N/A,Maisons et Villas,Tunis,N/A,villa S+3 A alouer 4min plage  marsa,14/02/2025,https://www.tayara.tn/item/67fbd3bfca3467b14e7d5785/Maisons%20et%20Villas/Tunis/La_Marsa/villa_S3_A_alouer_4min_plage_marsa_/
A Vendre une maison 2s+2 de 1700m² à Hammamet Nord : 27246302,N/A,Maisons et Villas,Nabeul,1700,A Vendre une maison 2s+2 de 1700m² à Hammamet Nord : 27246302,14/02/2025,https://www.tayara.tn/item/67f66a8dfd1c6385be4936c5/Maisons%20et%20Villas/Nabeul/Hammamet_Nord/A_Vendre_une_maison_2s2_de_1700m_Hammamet_Nord_27246302/
s+3 au bord de la plage à kelibia (ezzahra plage),123456DT,Locations de vacances,Nabeul,N/A,s+3 au bord de la plage à kelibia (ezzahra plage),14/02/2025,https://www.tayara.tn/item/67fbd33cfd1c6385be4dd35d/Locations%20de%20vacances/Nabeul/Klibia/s3_au_bord_de_la_plage_kelibia_ezzahra_plage_/
appartement meublé studio location par jour nuitée,80DT,Locations de vacances,Tunis,N/A,appartement meublé studio location par jour nuitée,14/02/2025,https://www.tayara.tn/item/67fbd2e1fd1c6385be4dd30b/Locations%20de%20vacances/Tunis/Lac_2/appartement_meubl_studio_location_par_jour_nuite_/
appartement meublé studio location par jour nuitée,80DT,Locations de vacances,Tunis,N/A,appartement meublé studio location par jour nuitée,14/02/2025,https://www.tayara.tn/item/67fbd2beca3467b14e7d5698/Locations%20de%20vacances/Tunis/L_Aouina/appartement_meubl_studio_location_par_jour_nuite_/
appartement meublé studio location par jour nuitée,80DT,Locations de vacances,Tunis,N/A,appartement meublé studio location par jour nuitée,14/02/2025,https://www.tayara.tn/item/67fbd2a3fd1c6385be4dd2cb/Locations%20de%20vacances/Tunis/Ain_Zaghouen/appartement_meubl_studio_location_par_jour_nuite_/
appartement meublé studio location par jour nuitée,80DT,Locations de vacances,Tunis,N/A,appartement meublé studio location par jour nuitée,14/02/2025,https://www.tayara.tn/item/67fbd28efd1c6385be4dd2aa/Locations%20de%20vacances/Tunis/L_Aouina/appartement_meubl_studio_location_par_jour_nuite_/
appartement ben arous,N/A,Appartements,Ben Arous,N/A,appartement ben arous,14/02/2025,https://www.tayara.tn/item/67fbd236fd1c6385be4dd243/Appartements/Ben_Arous/Ben_Arous/appartement_ben_arous_/
appartement S+3 jardins Menzah1,270000DT,Appartements,Ariana,N/A,appartement S+3 jardins Menzah1,14/02/2025,https://www.tayara.tn/item/67fbd199fd1c6385be4dd190/Appartements/Ariana/Jardins_El_Menzah/appartement_S3_jardins_Menzah1/
𝐀̀ 𝐯𝐞𝐧𝐝𝐫𝐞 𝐮𝐧 𝐭𝐞𝐫𝐫𝐚𝐢𝐧 𝐬𝐢𝐭𝐮𝐞́ 𝐚̀ 𝐇𝐚𝐦𝐦𝐚𝐦𝐞𝐭 𝐒𝐮𝐝,N/A,Terrains et Fermes,Nabeul,N/A,𝐀̀ 𝐯𝐞𝐧𝐝𝐫𝐞 𝐮𝐧 𝐭𝐞𝐫𝐫𝐚𝐢𝐧 𝐬𝐢𝐭𝐮𝐞́ 𝐚̀ 𝐇𝐚𝐦𝐦𝐚𝐦𝐞𝐭 𝐒𝐮𝐝,14/02/2025,https://www.tayara.tn/item/67f8e892fd1c6385be4b7294/Terrains%20et%20Fermes/Nabeul/Hammamet/_/
Appartement S+2 Yasmine Hammamet,80DT,Locations de vacances,Nabeul,N/A,Appartement S+2 Yasmine Hammamet,14/02/2025,https://www.tayara.tn/item/67fbd0c5fd1c6385be4dd0cf/Locations%20de%20vacances/Nabeul/Hammamet/Appartement_S2_Yasmine_Hammamet/
AL Bureau 290m² au Lac2,9200DT,Bureaux et Plateaux,Tunis,290,AL Bureau 290m² au Lac2,14/02/2025,https://www.tayara.tn/item/679b56ea6286c2414579d357/Bureaux%20et%20Plateaux/Tunis/Lac_2/AL_Bureau_290m_au_Lac2/
Terrain,72000DT,Terrains et Fermes,Sousse,N/A,Terrain,14/02/2025,https://www.tayara.tn/item/67fbd05dca3467b14e7d541c/Terrains%20et%20Fermes/Sousse/Zaouit_Ksibat_Thrayett/Terrain_/
Villa jumelée à vendre,545000DT,Maisons et Villas,Tunis,N/A,Villa jumelée à vendre,14/02/2025,https://www.tayara.tn/item/67e11c24ca3467b14e6bab86/Maisons%20et%20Villas/Tunis/Le_Kram/Villa_jumele_vendre/
A Vendre une très belle villa  situé à Monchar 1 (5 min de Hammamet) emplacement bien demander cité luxe 💎,N/A,Maisons et Villas,Nabeul,N/A,A Vendre une très belle villa  situé à Monchar 1 (5 min de Hammamet) emplacement bien demander cité luxe 💎,14/02/2025,https://www.tayara.tn/item/67e53bc6fd1c6385be3e809e/Maisons%20et%20Villas/Nabeul/Hammamet/A_Vendre_une_trs_belle_villa_situ_Monchar_1_5_min_de_Hammamet_emplacement_bien_demander_cit_luxe_/
Villa Pieds dans l'eau a vendre,2500000DT,Maisons et Villas,Mahdia,N/A,Villa Pieds dans l'eau a vendre,14/02/2025,https://www.tayara.tn/item/67f689b1ca3467b14e78dca9/Maisons%20et%20Villas/Mahdia/Autres_Villes/Villa_Pieds_dans_leau_a_vendre_/
Terrain a vendre à bessetin el Hamammet,38500DT,Terrains et Fermes,Nabeul,N/A,Terrain a vendre à bessetin el Hamammet,14/02/2025,https://www.tayara.tn/item/67812a0cb7de28167ed30655/Terrains%20et%20Fermes/Nabeul/Hammamet/Terrain_a_vendre_bessetin_el_Hamammet_/
"la  Marsa  particulier  vend  une  maison à ( cité  el  nasr  proche  de tous  commodités  )  de 160 m2 + possibilité  de  construction  d'un  étage  , papier en regle   prix : 650 md , légèrement  négociable , tél : 98 318 386",650DT,Maisons et Villas,Tunis,N/A,"la  Marsa  particulier  vend  une  maison à ( cité  el  nasr  proche  de tous  commodités  )  de 160 m2 + possibilité  de  construction  d'un  étage  , papier en regle   prix : 650 md , légèrement  négociable , tél : 98 318 386",14/02/2025,https://www.tayara.tn/item/67fbd007ca3467b14e7d53b5/Maisons%20et%20Villas/Tunis/La_Marsa/la_Marsa_particulier_vend_une_maison_cit_el_nasr_proche_de_tous_commodits_de_160_m2_possibilit_de_construction_dun_tage_papier_en_regle_prix_650_md_lgrement_ngociable_tl_98_318_386/
Terrain AFH titre bleu Mornaguia,450DT,Terrains et Fermes,La Manouba,N/A,Terrain AFH titre bleu Mornaguia,14/02/2025,https://www.tayara.tn/item/67fbcfdbca3467b14e7d5380/Terrains%20et%20Fermes/La_Manouba/Mornaguia/Terrain_AFH_titre_bleu_Mornaguia/
للبيع 1027 متر📍  5 دقايق على المنطقة السياحية الحمامات الجنوبية 🌊,100000DT,Terrains et Fermes,Nabeul,N/A,للبيع 1027 متر📍  5 دقايق على المنطقة السياحية الحمامات الجنوبية 🌊,14/02/2025,https://www.tayara.tn/item/676d2afab7de28167ec7252b/Terrains%20et%20Fermes/Nabeul/Hammamet/_1027_5_/
A Vendre un lot de terrain à Yasmin Hamammet just coté rond point marina,95000DT,Terrains et Fermes,Nabeul,N/A,A Vendre un lot de terrain à Yasmin Hamammet just coté rond point marina,14/02/2025,https://www.tayara.tn/item/674ebda0041535433b42edc9/Terrains%20et%20Fermes/Nabeul/Hammamet/A_Vendre_un_lot_de_terrain_Yasmin_Hamammet_just_cot_rond_point_marina_/
A LOUER S+1 NEUF À SOUKRA CHOTRANA 3,1300DT,Appartements,Ariana,N/A,A LOUER S+1 NEUF À SOUKRA CHOTRANA 3,14/02/2025,https://www.tayara.tn/item/676a85a6f39faeaa98c08d31/Appartements/Ariana/Chotrana_3/A_LOUER_S1_NEUF_SOUKRA_CHOTRANA_3/
À vendre un appartement S+2 de 116m²  direct promoteur : 27246302,390000DT,Appartements,Nabeul,116,À vendre un appartement S+2 de 116m²  direct promoteur : 27246302,14/02/2025,https://www.tayara.tn/item/67fbcdcafd1c6385be4dcdeb/Appartements/Nabeul/Mrezga/_vendre_un_appartement_S2_de_116m_direct_promoteur_27246302/
S+2 VUE PORT EN VENTE,580000DT,Appartements,Sousse,N/A,S+2 VUE PORT EN VENTE,14/02/2025,https://www.tayara.tn/item/67b9a888af2813f807574848/Appartements/Sousse/Hammam_Sousse/S2_VUE_PORT_EN_VENTE/
S+1 EN VENTE,350000DT,Appartements,Sousse,N/A,S+1 EN VENTE,14/02/2025,https://www.tayara.tn/item/67b9abc8af2813f807574c1c/Appartements/Sousse/Hammam_Sousse/S1_EN_VENTE/
S+2 EN VENTE,520000DT,Appartements,Sousse,N/A,S+2 EN VENTE,14/02/2025,https://www.tayara.tn/item/67bc9a3abf049e957eaf5593/Appartements/Sousse/Kantaoui/S2_EN_VENTE_/
Grand Local à Menzh 7 bis,3500DT,Bureaux et Plateaux,Ariana,N/A,Grand Local à Menzh 7 bis,14/02/2025,https://www.tayara.tn/item/67a9ff7e86d5f7a45c16cc7b/Bureaux%20et%20Plateaux/Ariana/El_Menzah_7/Grand_Local_Menzh_7_bis/
Un Rez de Jardin usage bureautique à Manar 2,1800DT,Maisons et Villas,Tunis,N/A,Un Rez de Jardin usage bureautique à Manar 2,14/02/2025,https://www.tayara.tn/item/67deceebfd1c6385be3aed8b/Maisons%20et%20Villas/Tunis/El_Manar_2/Un_Rez_de_Jardin_usage_bureautique_Manar_2/
À Louer un appartement en S+1 richement meublé à Notre Dame,1500DT,Maisons et Villas,Tunis,N/A,À Louer un appartement en S+1 richement meublé à Notre Dame,14/02/2025,https://www.tayara.tn/item/673e05de3c20a99fb554dff9/Maisons%20et%20Villas/Tunis/Mutuelleville/_Louer_un_appartement_en_S1_richement_meubl_Notre_Dame/
A vendre un appartement en S+3 à Manar 1,215000DT,Appartements,Tunis,N/A,A vendre un appartement en S+3 à Manar 1,14/02/2025,https://www.tayara.tn/item/67aa09f90b5f1b5530f8ec17/Appartements/Tunis/El_Manar_1/A_vendre_un_appartement_en_S3_Manar_1/
A louer une villa à Ennassr 2,4000DT,Maisons et Villas,Ariana,N/A,A louer une villa à Ennassr 2,14/02/2025,https://www.tayara.tn/item/67b706a176b6372c53925c7e/Maisons%20et%20Villas/Ariana/Cit_Ennasr_2/A_louer_une_villa_Ennassr_2/
étage de villa a louer,250DT,Appartements,Ariana,N/A,étage de villa a louer,14/02/2025,https://www.tayara.tn/item/67fbc9f2fd1c6385be4dca25/Appartements/Ariana/Raoued/tage_de_villa_a_louer_/
Apparemment meublé courte durée,180DT,Appartements,Tunis,N/A,Apparemment meublé courte durée,14/02/2025,https://www.tayara.tn/item/67fbc9f2ca3467b14e7d4dc0/Appartements/Tunis/Lac_2/Apparemment_meubl_courte_dure_/
À louer étage de villa Soukra côté monoprix et kiab,1250DT,Maisons et Villas,Ariana,N/A,À louer étage de villa Soukra côté monoprix et kiab,14/02/2025,https://www.tayara.tn/item/67fbc9a7ca3467b14e7d4d78/Maisons%20et%20Villas/Ariana/La_Soukra/_louer_tage_de_villa_Soukra_ct_monoprix_et_kiab_/
Etage de villa à louer,1200DT,Appartements,Tunis,N/A,Etage de villa à louer,14/02/2025,https://www.tayara.tn/item/67fbc936ca3467b14e7d4d04/Appartements/Tunis/L_Aouina/Etage_de_villa_louer_/
A Vendre un Terrain de 985m² à Hammamet SUD : 27246302,170000DT,Autres Immobiliers,Nabeul,985,A Vendre un Terrain de 985m² à Hammamet SUD : 27246302,14/02/2025,https://www.tayara.tn/item/67fbc89cfd1c6385be4dc86e/Autres%20Immobiliers/Nabeul/Hammamet/A_Vendre_un_Terrain_de_985m_Hammamet_SUD_27246302/
colocation pour étranger,500DT,Colocations,Tunis,N/A,colocation pour étranger,14/02/2025,https://www.tayara.tn/item/67fbc883ca3467b14e7d4c17/Colocations/Tunis/Cit_Olympique/colocation_pour_tranger_/
"appartement s+2 
prix 170 dt la nuit avec 
minimum 3 nuits 

s+1. a 140 dt la nuitée",170DT,Appartements,Tunis,N/A,"appartement s+2 
prix 170 dt la nuit avec 
minimum 3 nuits 

s+1. a 140 dt la nuitée",14/02/2025,https://www.tayara.tn/item/67fbc877fd1c6385be4dc84c/Appartements/Tunis/Lac_2/appartement_s2_prix_170_dt_la_nuit_avec_minimum_3_nuits_s1_a_140_dt_la_nuite_/
A vendre une Ferme 1700m² à Hammamet sud,N/A,Terrains et Fermes,Nabeul,1700,A vendre une Ferme 1700m² à Hammamet sud,14/02/2025,https://www.tayara.tn/item/67fbb882ca3467b14e7d3bb8/Terrains%20et%20Fermes/Nabeul/Hammamet/A_vendre_une_Ferme_1700m_Hammamet_sud_/
A vendre terrain de 8260 m2 à El Groo,95000DT,Terrains et Fermes,Médenine,N/A,A vendre terrain de 8260 m2 à El Groo,14/02/2025,https://www.tayara.tn/item/67fbc7a9ca3467b14e7d4b0b/Terrains%20et%20Fermes/Mdenine/Djerba_Ajim/A_vendre_terrain_de_8260_m2_El_Groo/
Gabes Chmati,300DT,Terrains et Fermes,Gabès,N/A,Gabes Chmati,14/02/2025,https://www.tayara.tn/item/67fbc75afd1c6385be4dc70c/Terrains%20et%20Fermes/Gabs/Gabs_Sud/Gabes_Chmati/
Opportunité à saisir : Terrain de 2000 m² à vendre à Hessienne – Face au port financier Tunis Bay,149DT,Terrains et Fermes,Ariana,,Opportunité à saisir : Terrain de 2000 m² à vendre à Hessienne – Face au port financier Tunis Bay,14/02/2025,https://www.tayara.tn/item/67f3bbc3fd1c6385be471fc4/Terrains%20et%20Fermes/Ariana/Raoued/Opportunit_saisir_Terrain_de_2000_m_vendre_Hessienne_Face_au_port_financier_Tunis_Bay/
terrain à vendre à Khelidia 118m2  et 147 m2,N/A,Terrains et Fermes,Ben Arous,N/A,terrain à vendre à Khelidia 118m2  et 147 m2,14/02/2025,https://www.tayara.tn/item/67fbc736fd1c6385be4dc6e8/Terrains%20et%20Fermes/Ben_Arous/Ben_Arous/terrain_vendre_Khelidia_118m2_et_147_m2/
A louer S+2 à Ennasr,1000DT,Appartements,Ariana,N/A,A louer S+2 à Ennasr,14/02/2025,https://www.tayara.tn/item/67fa751bca3467b14e7c569e/Appartements/Ariana/Cit_Ennasr_2/A_louer_S2_Ennasr_/
s+2 de 120m² à Résidence Ranim,580DT,Appartements,Ariana,120,s+2 de 120m² à Résidence Ranim,14/02/2025,https://www.tayara.tn/item/67fbc62bca3467b14e7d495a/Appartements/Ariana/Mnihla/_s2_de_120m_Rsidence_Ranim_/
zone touristique mahdia tel 25755971-99158774,25755972DT,Locations de vacances,Mahdia,N/A,zone touristique mahdia tel 25755971-99158774,14/02/2025,https://www.tayara.tn/item/67fbc594ca3467b14e7d48bf/Locations%20de%20vacances/Mahdia/Mahdia/zone_touristique_mahdia_tel_2575597199158774/
A vendre appartement S+3 côté stade Marsa,N/A,Appartements,Tunis,N/A,A vendre appartement S+3 côté stade Marsa,14/02/2025,https://www.tayara.tn/item/67fbc4a3fd1c6385be4dc44d/Appartements/Tunis/La_Marsa/A_vendre_appartement_S3_ct_stade_Marsa_/
Location appartement S+2,450DT,Appartements,Zaghouan,N/A,Location appartement S+2,14/02/2025,https://www.tayara.tn/item/67fbc48ffd1c6385be4dc42f/Appartements/Zaghouan/Zaghouan/Location_appartement_S2/
Maison Indépendante à Bouhsina,175000DT,Maisons et Villas,Sousse,N/A,Maison Indépendante à Bouhsina,14/02/2025,https://www.tayara.tn/item/66cc7e9de2f0c13af829f4a8/Maisons%20et%20Villas/Sousse/Sousse_Jawhara/Maison_Indpendante_Bouhsina_/
Local Commercial  Mur entre  Khezema et  Sahloul,395000DT,"Magasins, Commerces et Locaux industriels",Sousse,N/A,Local Commercial  Mur entre  Khezema et  Sahloul,14/02/2025,https://www.tayara.tn/item/6787b773ed6f33de58c31b84/Magasins%2C%20Commerces%20et%20Locaux%20industriels/Sousse/Sahloul/Local_Commercial_Mur_entre_Khezema_et_Sahloul_/
A louer une villa en s+4 avec piscine  à la Soukra,4500DT,Maisons et Villas,Ariana,N/A,A louer une villa en s+4 avec piscine  à la Soukra,14/02/2025,https://www.tayara.tn/item/67d54745fd1c6385be35684c/Maisons%20et%20Villas/Ariana/La_Soukra/A_louer_une_villa_en_s4_avec_piscine_la_Soukra_/
(S+2) à Sahloul 4  Directe Promoteur,285000DT,Appartements,Sousse,N/A,(S+2) à Sahloul 4  Directe Promoteur,14/02/2025,https://www.tayara.tn/item/6737570a3c20a99fb550cb80/Appartements/Sousse/Sahloul/S2_Sahloul_4_Directe_Promoteur/
Propriété sur deux niveaux  à Corniche,430000DT,Maisons et Villas,Sousse,N/A,Propriété sur deux niveaux  à Corniche,14/02/2025,https://www.tayara.tn/item/678fa88bc572f8fd2af55f81/Maisons%20et%20Villas/Sousse/Sousse/_Proprit_sur_deux_niveaux_Corniche/
Maison de Campagne à Kalâa  Kebira,430000DT,Maisons et Villas,Sousse,N/A,Maison de Campagne à Kalâa  Kebira,14/02/2025,https://www.tayara.tn/item/6741f8f33c20a99fb557383c/Maisons%20et%20Villas/Sousse/Kala_Kebira/Maison_de_Campagne_Kala_Kebira_/
"(S+2) à Sousse, avec Place de Parking au  Sous  Sol",230000DT,Appartements,Sousse,N/A,"(S+2) à Sousse, avec Place de Parking au  Sous  Sol",14/02/2025,https://www.tayara.tn/item/67b4915f0b5f1b5530ffc0b5/Appartements/Sousse/Sousse/S2_Sousse_avec_Place_de_Parking_au_Sous_Sol_/
"(S+2) à Sahloul 4 , Directe Promoteur",317000DT,Appartements,Sousse,N/A,"(S+2) à Sahloul 4 , Directe Promoteur",14/02/2025,https://www.tayara.tn/item/675b0df88729cead59ebef94/Appartements/Sousse/Sahloul/S2_Sahloul_4_Directe_Promoteur_/
Appartement (S+1) Neuf  à  Sahloul 4,199000DT,Appartements,Sousse,N/A,Appartement (S+1) Neuf  à  Sahloul 4,14/02/2025,https://www.tayara.tn/item/67d2e1b5c68ce6b5539d2848/Appartements/Sousse/Sahloul/Appartement_S1_Neuf_Sahloul_4_/
S+2 meublé haut standing à Monastir,950DT,Appartements,Monastir,N/A,S+2 meublé haut standing à Monastir,14/02/2025,https://www.tayara.tn/item/67f7c958ca3467b14e79cd58/Appartements/Monastir/Monastir/S2_meubl_haut_standing_Monastir_/
فيلا فرصة للحساب والمستثمرين villa,220DT,Maisons et Villas,Médenine,N/A,فيلا فرصة للحساب والمستثمرين villa,14/02/2025,https://www.tayara.tn/item/67fbc222fd1c6385be4dc216/Maisons%20et%20Villas/Mdenine/Mdenine_Sud/_villa/
lot a vendre,58DT,Maisons et Villas,Ben Arous,N/A,lot a vendre,14/02/2025,https://www.tayara.tn/item/67fbc142fd1c6385be4dc11f/Maisons%20et%20Villas/Ben_Arous/Mohamedia/lot_a_vendre_/
A louer Splendide appartement 2eme étage cite afh cédria,400DT,Appartements,Ben Arous,N/A,A louer Splendide appartement 2eme étage cite afh cédria,14/02/2025,https://www.tayara.tn/item/67fbc05cca3467b14e7d43a1/Appartements/Ben_Arous/Borj_Cedria/A_louer_Splendide_appartement_2eme_tage_cite_afh_cdria/
"location maison
94 152 985 elmourouj 1",N/A,Maisons et Villas,Ben Arous,N/A,"location maison
94 152 985 elmourouj 1",14/02/2025,https://www.tayara.tn/item/67fbc04eca3467b14e7d438f/Maisons%20et%20Villas/Ben_Arous/El_Mourouj_1/location_maison94_152_985_elmourouj_1_/
❗❗ A vendre une Villa 2S+5 avec une superficie totale de 3000 M² et  une superficie couvert de 500 M² ❗❗,N/A,Maisons et Villas,Nabeul,N/A,❗❗ A vendre une Villa 2S+5 avec une superficie totale de 3000 M² et  une superficie couvert de 500 M² ❗❗,14/02/2025,https://www.tayara.tn/item/67fbbfa5ca3467b14e7d42e1/Maisons%20et%20Villas/Nabeul/Hammamet_Nord/_A_vendre_une_Villa_2S5_avec_une_superficie_totale_de_3000_M_et_une_superficie_couvert_de_500_M_/
un appartement s1 à Hammamet centre ville paiement sur 8 mois,140000DT,Terrains et Fermes,Nabeul,N/A,un appartement s1 à Hammamet centre ville paiement sur 8 mois,14/02/2025,https://www.tayara.tn/item/67fbbf98ca3467b14e7d42d3/Terrains%20et%20Fermes/Nabeul/Hammamet_Centre/un_appartement_s1_Hammamet_centre_ville_paiement_sur_8_mois/
Bureau H+3 à Nouvelle Ariana,1350DT,Bureaux et Plateaux,Ariana,N/A,Bureau H+3 à Nouvelle Ariana,14/02/2025,https://www.tayara.tn/item/67fbbf37fd1c6385be4dbf28/Bureaux%20et%20Plateaux/Ariana/Nouvelle_Ariana/Bureau_H3_Nouvelle_Ariana_/
📍 ENNASR 2 : BUREAU H+1 À LOUER,1200DT,Bureaux et Plateaux,Ariana,N/A,📍 ENNASR 2 : BUREAU H+1 À LOUER,14/02/2025,https://www.tayara.tn/item/67fbbf01ca3467b14e7d425a/Bureaux%20et%20Plateaux/Ariana/Cit_Ennasr_2/_ENNASR_2_BUREAU_H1_LOUER_/
"Appartement S+2 situé à Sidi Mansour, kélibia",210000DT,Appartements,Nabeul,N/A,"Appartement S+2 situé à Sidi Mansour, kélibia",14/02/2025,https://www.tayara.tn/item/67fa6c0afd1c6385be4ccb16/Appartements/Nabeul/Klibia/Appartement_S2_situ_Sidi_Mansour_klibia_/
location s+2 meublé a coeur de boumhel,1300DT,Appartements,Ben Arous,N/A,location s+2 meublé a coeur de boumhel,14/02/2025,https://www.tayara.tn/item/67fbbda4fd1c6385be4dbdad/Appartements/Ben_Arous/Boumhel/location_s2_meubl_a_coeur_de_boumhel/
Etage au RD  3CH 2SB proch centr commcl Jardin Menzah2,740DT,Appartements,Ariana,N/A,Etage au RD  3CH 2SB proch centr commcl Jardin Menzah2,14/02/2025,https://www.tayara.tn/item/67fbbd3dfd1c6385be4dbd3c/Appartements/Ariana/Les_Jardins_El_Menzah_2/Etage_au_RD_3CH_2SB_proch_centr_commcl_Jardin_Menzah2/
Terrain Vitatop 1,480DT,Terrains et Fermes,Ariana,N/A,Terrain Vitatop 1,14/02/2025,https://www.tayara.tn/item/67fbbd07ca3467b14e7d407c/Terrains%20et%20Fermes/Ariana/Chotrana/Terrain_Vitatop_1/
a vendre maison indépendante a kélibia,125DT,Maisons et Villas,Nabeul,N/A,a vendre maison indépendante a kélibia,14/02/2025,https://www.tayara.tn/item/67fb94dcca3467b14e7d1688/Maisons%20et%20Villas/Nabeul/Klibia/a_vendre_maison_indpendante_a_klibia_/
Appartement S+2 à Kélibia Ezzahra,165000DT,Appartements,Nabeul,N/A,Appartement S+2 à Kélibia Ezzahra,14/02/2025,https://www.tayara.tn/item/67f7c724ca3467b14e79cac0/Appartements/Nabeul/Klibia/Appartement_S2_Klibia_Ezzahra_/
S1 dans villa Ennacer2,100DT,Appartements,Ariana,N/A,S1 dans villa Ennacer2,14/02/2025,https://www.tayara.tn/item/67f01735ca3467b14e741c9b/Appartements/Ariana/Cit_Ennasr_2/S1_dans_villa_Ennacer2/
Maison a vendre,145000DT,Maisons et Villas,Ben Arous,N/A,Maison a vendre,14/02/2025,https://www.tayara.tn/item/67fbbbb4fd1c6385be4dbbe4/Maisons%20et%20Villas/Ben_Arous/Hammam_Lif/Maison_a_vendre_/
villa richement meublée Ennacer2,300DT,Maisons et Villas,Ariana,N/A,villa richement meublée Ennacer2,14/02/2025,https://www.tayara.tn/item/67fa3a37fd1c6385be4c9b09/Maisons%20et%20Villas/Ariana/Cit_Ennasr_2/villa_richement_meuble_Ennacer2_/
📍 ENNASR 1:  REZ-DE-CHAUSSÉE D’UNE VILLA S+2 À LOUER,1200DT,Appartements,Ariana,N/A,📍 ENNASR 1:  REZ-DE-CHAUSSÉE D’UNE VILLA S+2 À LOUER,14/02/2025,https://www.tayara.tn/item/67fbbae2ca3467b14e7d3e8a/Appartements/Ariana/Ennasr/_ENNASR_1_REZDECHAUSSE_DUNE_VILLA_S2_LOUER_/
a louer s1 s2 s3 et s4 meublé a cite nasser,100DT,Appartements,Ariana,N/A,a louer s1 s2 s3 et s4 meublé a cite nasser,14/02/2025,https://www.tayara.tn/item/67fbba77ca3467b14e7d3df4/Appartements/Ariana/Ennasr/a_louer_s1_s2_s3_et_s4_meubl_a_cite_nasser/
📍ENNASR 1  : DUPLEX S+3  À VENDRE,N/A,Maisons et Villas,Ariana,N/A,📍ENNASR 1  : DUPLEX S+3  À VENDRE,14/02/2025,https://www.tayara.tn/item/67fbba4dfd1c6385be4dba57/Maisons%20et%20Villas/Ariana/Ennasr/ENNASR_1_DUPLEX_S3_VENDRE/
📍 ENNASR 2 : BUREAU H+2 À LOUER,1060DT,Bureaux et Plateaux,Ariana,N/A,📍 ENNASR 2 : BUREAU H+2 À LOUER,14/02/2025,https://www.tayara.tn/item/67fbba2afd1c6385be4dba26/Bureaux%20et%20Plateaux/Ariana/Cit_Ennasr_2/_ENNASR_2_BUREAU_H2_LOUER_/
𝐀 𝐯𝐞𝐧𝐝𝐫𝐞 𝐭𝐞𝐫𝐫𝐚𝐢𝐧 𝐚̀ 𝐤𝐞́𝐥𝐢𝐛𝐢𝐚 𝟐 𝒆̀𝒎𝒆 𝒑𝒐𝒔𝒊𝒕𝒊𝒐𝒏 𝒅𝒆 𝒍𝒂 𝒑𝒍𝒂𝒈𝒆,170100DT,Terrains et Fermes,Nabeul,N/A,𝐀 𝐯𝐞𝐧𝐝𝐫𝐞 𝐭𝐞𝐫𝐫𝐚𝐢𝐧 𝐚̀ 𝐤𝐞́𝐥𝐢𝐛𝐢𝐚 𝟐 𝒆̀𝒎𝒆 𝒑𝒐𝒔𝒊𝒕𝒊𝒐𝒏 𝒅𝒆 𝒍𝒂 𝒑𝒍𝒂𝒈𝒆,14/02/2025,https://www.tayara.tn/item/67fbba18fd1c6385be4dba18/Terrains%20et%20Fermes/Nabeul/Klibia/_/
📍RIADH AL ANDALOUS: APPARTEMENT S+1 A LOUER,1000DT,Appartements,Ariana,N/A,📍RIADH AL ANDALOUS: APPARTEMENT S+1 A LOUER,14/02/2025,https://www.tayara.tn/item/67fbba0fca3467b14e7d3d6e/Appartements/Ariana/Riadh_Andalous/RIADH_AL_ANDALOUS_APPARTEMENT_S1_A_LOUER_/
à louer par jour s+1  appartement studio meublé location par jour / nuitée,80DT,Appartements,Tunis,N/A,à louer par jour s+1  appartement studio meublé location par jour / nuitée,14/02/2025,https://www.tayara.tn/item/67fbb9f4fd1c6385be4db9df/Appartements/Tunis/Manar/_louer_par_jour_s1_appartement_studio_meubl_location_par_jour_nuite_/
Duplex a l'étage s+4 à Mutuelle ville,4500DT,Appartements,Tunis,N/A,Duplex a l'étage s+4 à Mutuelle ville,14/02/2025,https://www.tayara.tn/item/67fbb9d5ca3467b14e7d3d22/Appartements/Tunis/Mutuelleville/Duplex_a_ltage_s4_Mutuelle_ville_/
📍 JARDIN D’EL MENZAH 2 : MAGNIFIQUE VILLA A VENDRE,N/A,Maisons et Villas,Ariana,N/A,📍 JARDIN D’EL MENZAH 2 : MAGNIFIQUE VILLA A VENDRE,14/02/2025,https://www.tayara.tn/item/67fbb9bdca3467b14e7d3d0e/Maisons%20et%20Villas/Ariana/Les_Jardins_El_Menzah_2/_JARDIN_DEL_MENZAH_2_MAGNIFIQUE_VILLA_A_VENDRE_/
📍 ENNASR 2 : APPARTEMENT S+3 À VENDRE,410000DT,Appartements,Ariana,N/A,📍 ENNASR 2 : APPARTEMENT S+3 À VENDRE,14/02/2025,https://www.tayara.tn/item/67fbb9a6fd1c6385be4db98a/Appartements/Ariana/Cit_Ennasr_2/_ENNASR_2_APPARTEMENT_S3_VENDRE/
À LOUER – Gérance libre d’un restaurant à La Goulette,8500DT,"Magasins, Commerces et Locaux industriels",Tunis,N/A,À LOUER – Gérance libre d’un restaurant à La Goulette,14/02/2025,https://www.tayara.tn/item/67fbb98efd1c6385be4db976/Magasins%2C%20Commerces%20et%20Locaux%20industriels/Tunis/La_Goulette/_LOUER_Grance_libre_dun_restaurant_La_Goulette/
📍RIADH EL ANDALOUS : APPARTEMENT S+3 À VENDRE,315000DT,Appartements,Ariana,N/A,📍RIADH EL ANDALOUS : APPARTEMENT S+3 À VENDRE,14/02/2025,https://www.tayara.tn/item/67fbb98aca3467b14e7d3cde/Appartements/Ariana/Riadh_Andalous/RIADH_EL_ANDALOUS_APPARTEMENT_S3_VENDRE/
📍RIADH EL ANDALOUS : DUPLEX S+4 À VENDRE,N/A,Maisons et Villas,Ariana,N/A,📍RIADH EL ANDALOUS : DUPLEX S+4 À VENDRE,14/02/2025,https://www.tayara.tn/item/67fbb96bfd1c6385be4db94f/Maisons%20et%20Villas/Ariana/Riadh_Andalous/RIADH_EL_ANDALOUS_DUPLEX_S4_VENDRE/
Villa jumelée VUE DE MER  composé de deux duplex  A VENDRE,550000DT,Maisons et Villas,Nabeul,N/A,Villa jumelée VUE DE MER  composé de deux duplex  A VENDRE,14/02/2025,https://www.tayara.tn/item/679cf1526286c241457addbf/Maisons%20et%20Villas/Nabeul/Klibia/Villa_jumele_VUE_DE_MER_compos_de_deux_duplex_A_VENDRE_/
📍 CITÉ HEDI NOUIRA: APPARTEMENT S+2 À LOUER,700DT,Appartements,Ariana,N/A,📍 CITÉ HEDI NOUIRA: APPARTEMENT S+2 À LOUER,14/02/2025,https://www.tayara.tn/item/67fbb958fd1c6385be4db93c/Appartements/Ariana/Cit_Hedi_Nouira/_CIT_HEDI_NOUIRA_APPARTEMENT_S2_LOUER/
📍 JARDIN D’EL MENZAH 2 : APPARTEMENT S+1 À LOUER,870DT,Appartements,Ariana,N/A,📍 JARDIN D’EL MENZAH 2 : APPARTEMENT S+1 À LOUER,14/02/2025,https://www.tayara.tn/item/67fbb945fd1c6385be4db922/Appartements/Ariana/Les_Jardins_El_Menzah_2/_JARDIN_DEL_MENZAH_2_APPARTEMENT_S1_LOUER_/
📍 RIADH AL ANDALOUS : DUPLEX S+3 RICHEMENT MEUBLÉ À LOUER,1850DT,Maisons et Villas,Ariana,N/A,📍 RIADH AL ANDALOUS : DUPLEX S+3 RICHEMENT MEUBLÉ À LOUER,14/02/2025,https://www.tayara.tn/item/67fbb931fd1c6385be4db909/Maisons%20et%20Villas/Ariana/Riadh_Andalous/_RIADH_AL_ANDALOUS_DUPLEX_S3_RICHEMENT_MEUBL_LOUER/
📍JARDINS D’EL MENZAH 1 : APPARTEMENT S+1 A LOUER,750DT,Appartements,Ariana,N/A,📍JARDINS D’EL MENZAH 1 : APPARTEMENT S+1 A LOUER,14/02/2025,https://www.tayara.tn/item/67fbb906fd1c6385be4db8dc/Appartements/Ariana/Les_Jardins_El_Menzah_1/JARDINS_DEL_MENZAH_1_APPARTEMENT_S1_A_LOUER/
📍MENZAH 9 C : APPARTEMENT S+2 À LOUER,1400DT,Appartements,Tunis,N/A,📍MENZAH 9 C : APPARTEMENT S+2 À LOUER,14/02/2025,https://www.tayara.tn/item/67fbb8f1ca3467b14e7d3c46/Appartements/Tunis/Menzah/MENZAH_9_C_APPARTEMENT_S2_LOUER/
📍 ARIANA : BUREAU H+2 À LOUER,1100DT,Bureaux et Plateaux,Ariana,N/A,📍 ARIANA : BUREAU H+2 À LOUER,14/02/2025,https://www.tayara.tn/item/67fbb8ddca3467b14e7d3c24/Bureaux%20et%20Plateaux/Ariana/Ariana/_ARIANA_BUREAU_H2_LOUER_/
📍CENTRE URBAIN NORD : BUREAU H+3 À LOUER,2200DT,Bureaux et Plateaux,Tunis,N/A,📍CENTRE URBAIN NORD : BUREAU H+3 À LOUER,14/02/2025,https://www.tayara.tn/item/67fbb8c7ca3467b14e7d3c05/Bureaux%20et%20Plateaux/Tunis/Centre_Urbain_Nord/CENTRE_URBAIN_NORD_BUREAU_H3_LOUER/
📍RIADH ANDALOUS : APPARTEMENT S+,850DT,Appartements,Ariana,N/A,📍RIADH ANDALOUS : APPARTEMENT S+,14/02/2025,https://www.tayara.tn/item/67fbb8b4fd1c6385be4db882/Appartements/Ariana/Riadh_Andalous/RIADH_ANDALOUS_APPARTEMENT_S/
📍 ENNASER 2 : APPARTEMENT S+3 A LOUER,1450DT,Appartements,Ariana,N/A,📍 ENNASER 2 : APPARTEMENT S+3 A LOUER,14/02/2025,https://www.tayara.tn/item/67fbb89eca3467b14e7d3bd7/Appartements/Ariana/Cit_Ennasr_2/_ENNASER_2_APPARTEMENT_S3_A_LOUER_/
📍ENNASR 2 : VILLA JUMELÉE S+6 À LOUER,3200DT,Maisons et Villas,Ariana,N/A,📍ENNASR 2 : VILLA JUMELÉE S+6 À LOUER,14/02/2025,https://www.tayara.tn/item/67fbb864ca3467b14e7d3b98/Maisons%20et%20Villas/Ariana/Cit_Ennasr_2/ENNASR_2_VILLA_JUMELE_S6_LOUER/
📍 CENTRE URBAIN NORD : BUREAU H+3 À LOUER,1900DT,Bureaux et Plateaux,Tunis,N/A,📍 CENTRE URBAIN NORD : BUREAU H+3 À LOUER,14/02/2025,https://www.tayara.tn/item/67fbb84fca3467b14e7d3b85/Bureaux%20et%20Plateaux/Tunis/Centre_Urbain_Nord/_CENTRE_URBAIN_NORD_BUREAU_H3_LOUER_/
📍RIADH EL ANDALOUS : APPARTEMENT S+1 RICHEMENT MEUBLÉ À LOUER,1500DT,Appartements,Ariana,N/A,📍RIADH EL ANDALOUS : APPARTEMENT S+1 RICHEMENT MEUBLÉ À LOUER,14/02/2025,https://www.tayara.tn/item/67fbb83afd1c6385be4db7fc/Appartements/Ariana/Riadh_Andalous/RIADH_EL_ANDALOUS_APPARTEMENT_S1_RICHEMENT_MEUBL_LOUER/
𝗔𝗩𝗘𝗡𝗗𝗥𝗘 : 𝗦𝘂𝗽𝗲𝗿𝗯𝗲 𝗩𝗶𝗹𝗹𝗮 𝗦+𝟯 à hammamet sud 27246303,N/A,Maisons et Villas,Nabeul,N/A,𝗔𝗩𝗘𝗡𝗗𝗥𝗘 : 𝗦𝘂𝗽𝗲𝗿𝗯𝗲 𝗩𝗶𝗹𝗹𝗮 𝗦+𝟯 à hammamet sud 27246303,14/02/2025,https://www.tayara.tn/item/67b782b394b4bfe038815d4a/Maisons%20et%20Villas/Nabeul/Hammamet/_hammamet_sud_27246303/
Appartement S+2 HST à Jinen Mansoura,165000DT,Appartements,Nabeul,N/A,Appartement S+2 HST à Jinen Mansoura,14/02/2025,https://www.tayara.tn/item/67f7c237ca3467b14e79c513/Appartements/Nabeul/Klibia/Appartement_S2_HST_Jinen_Mansoura_/
"A vendre un appartement à ezzhra, kélibia",200000DT,Appartements,Nabeul,N/A,"A vendre un appartement à ezzhra, kélibia",14/02/2025,https://www.tayara.tn/item/67c1c06993928ac5bc13f911/Appartements/Nabeul/Klibia/A_vendre_un_appartement_ezzhra_klibia/
APPARTEMENT s+2 à Ennasr 2 A LOUER,1350DT,Appartements,Ariana,N/A,APPARTEMENT s+2 à Ennasr 2 A LOUER,14/02/2025,https://www.tayara.tn/item/67fbb6f3fd1c6385be4db6a6/Appartements/Ariana/Cit_Ennasr_2/APPARTEMENT_s2_Ennasr_2_A_LOUER_/
📍MREZGA HAMMAMET : APPARTEMENT S+1 MEUBLÉ A VENDRE,N/A,Appartements,Nabeul,N/A,📍MREZGA HAMMAMET : APPARTEMENT S+1 MEUBLÉ A VENDRE,14/02/2025,https://www.tayara.tn/item/67fbb6e0ca3467b14e7d3a1c/Appartements/Nabeul/Mrezga/MREZGA_HAMMAMET_APPARTEMENT_S1_MEUBL_A_VENDRE/
S+3 à louer Cité Olympique,1400DT,Appartements,Tunis,N/A,S+3 à louer Cité Olympique,14/02/2025,https://www.tayara.tn/item/67fbb6cffd1c6385be4db681/Appartements/Tunis/Cit_Olympique/S3_louer_Cit_Olympique_/
𝐀 𝐯𝐞𝐧𝐝𝐫𝐞 𝐭𝐞𝐫𝐫𝐚𝐢𝐧 𝐬𝐮𝐫 𝟑 𝐟𝐚𝐜̧𝐚𝐝𝐞𝐬 𝐚̀ 𝐤𝐞́𝐥𝐢𝐛𝐢𝐚,240000DT,Terrains et Fermes,Nabeul,N/A,𝐀 𝐯𝐞𝐧𝐝𝐫𝐞 𝐭𝐞𝐫𝐫𝐚𝐢𝐧 𝐬𝐮𝐫 𝟑 𝐟𝐚𝐜̧𝐚𝐝𝐞𝐬 𝐚̀ 𝐤𝐞́𝐥𝐢𝐛𝐢𝐚,14/02/2025,https://www.tayara.tn/item/67f7e07dca3467b14e79e59d/Terrains%20et%20Fermes/Nabeul/Klibia/_/
📍ENNASR 2 : APPARTEMENT S+2 À LOUER VIDE,1550DT,Appartements,Ariana,N/A,📍ENNASR 2 : APPARTEMENT S+2 À LOUER VIDE,14/02/2025,https://www.tayara.tn/item/67fbb6bdca3467b14e7d39fc/Appartements/Ariana/Cit_Ennasr_2/ENNASR_2_APPARTEMENT_S2_LOUER_VIDE/
📍 ENNASR 2 : BUREAU H+2 À LOUER,1500DT,Bureaux et Plateaux,Ariana,N/A,📍 ENNASR 2 : BUREAU H+2 À LOUER,14/02/2025,https://www.tayara.tn/item/67fbb6a8fd1c6385be4db65b/Bureaux%20et%20Plateaux/Ariana/Cit_Ennasr_2/_ENNASR_2_BUREAU_H2_LOUER_/
avendre fond de commerce,90DT,"Magasins, Commerces et Locaux industriels",Ariana,N/A,avendre fond de commerce,14/02/2025,https://www.tayara.tn/item/67fbb67fca3467b14e7d39b7/Magasins%2C%20Commerces%20et%20Locaux%20industriels/Ariana/El_Menzah_8/avendre_fond_de_commerce_/
"**À Vendre : Terrain d'Exception en Bord de Mer à Hergla, Gouvernorat de Sousse",N/A,Terrains et Fermes,Sousse,N/A,"**À Vendre : Terrain d'Exception en Bord de Mer à Hergla, Gouvernorat de Sousse",14/02/2025,https://www.tayara.tn/item/66ede89467b755ba922ca640/Terrains%20et%20Fermes/Sousse/Hergla/_Vendre_Terrain_dException_en_Bord_de_Mer_Hergla_Gouvernorat_de_Sousse_/
à louer appartement studio meublé s1 ennasr location par jour nuitée,70DT,Locations de vacances,Tunis,N/A,à louer appartement studio meublé s1 ennasr location par jour nuitée,14/02/2025,https://www.tayara.tn/item/67fbb5edca3467b14e7d3919/Locations%20de%20vacances/Tunis/El_Menzah_9/_louer_appartement_studio_meubl_s1_ennasr_location_par_jour_nuite_/
📍 ENNASR 2 : BUREAU H+1 À LOUER,1200DT,Bureaux et Plateaux,Ariana,N/A,📍 ENNASR 2 : BUREAU H+1 À LOUER,14/02/2025,https://www.tayara.tn/item/67fbb534ca3467b14e7d3870/Bureaux%20et%20Plateaux/Ariana/Cit_Ennasr_2/_ENNASR_2_BUREAU_H1_LOUER_/
منزل جديد -المنيهلة,148000000DT,Maisons et Villas,Ariana,N/A,منزل جديد -المنيهلة,14/02/2025,https://www.tayara.tn/item/67fbb533ca3467b14e7d386e/Maisons%20et%20Villas/Ariana/Mnihla/_/
📍 JARDINS D’EL MENZAH 2: APPARTEMENT S+3 À LOUER,1400DT,Appartements,Ariana,N/A,📍 JARDINS D’EL MENZAH 2: APPARTEMENT S+3 À LOUER,14/02/2025,https://www.tayara.tn/item/67fbb521fd1c6385be4db4cb/Appartements/Ariana/Les_Jardins_El_Menzah_2/_JARDINS_DEL_MENZAH_2_APPARTEMENT_S3_LOUER_/
A vendre un Immeuble contient 6 appartement S+2   27246303,420000DT,Appartements,Nabeul,N/A,A vendre un Immeuble contient 6 appartement S+2   27246303,14/02/2025,https://www.tayara.tn/item/67fbb51cca3467b14e7d3854/Appartements/Nabeul/Hammamet/A_vendre_un_Immeuble_contient_6_appartement_S2_27246303/
A vendre Appartement S+2 Mourouj 5,107000DT,Appartements,Ben Arous,N/A,A vendre Appartement S+2 Mourouj 5,14/02/2025,https://www.tayara.tn/item/67c306c5119f0ab09bcdc2db/Appartements/Ben_Arous/El_Mourouj_6/A_vendre_Appartement_S2_Mourouj_5/
Appartement s+2 de haut standing à Ennasr 2,1250DT,Appartements,Ariana,N/A,Appartement s+2 de haut standing à Ennasr 2,14/02/2025,https://www.tayara.tn/item/67fbb4d2fd1c6385be4db47c/Appartements/Ariana/Cit_Ennasr_2/Appartement_s2_de_haut_standing_Ennasr_2/
Appartement s+3 Rades avenue Khaireddine Pacha,950DT,Appartements,Ben Arous,N/A,Appartement s+3 Rades avenue Khaireddine Pacha,14/02/2025,https://www.tayara.tn/item/67fbb4a5fd1c6385be4db44f/Appartements/Ben_Arous/Rads/Appartement_s3_Rades_avenue_Khaireddine_Pacha/
📍 CENTRE URBAIN NORD : BUREAU H+4 À LOUER,2600DT,Bureaux et Plateaux,Tunis,N/A,📍 CENTRE URBAIN NORD : BUREAU H+4 À LOUER,14/02/2025,https://www.tayara.tn/item/67fbb413ca3467b14e7d3750/Bureaux%20et%20Plateaux/Tunis/Centre_Urbain_Nord/_CENTRE_URBAIN_NORD_BUREAU_H4_LOUER/
📍JARDINS DE CARTHAGE : APPARTEMENT S+2 RICHEMENT MEUBLÉ À LOUER,2500DT,Appartements,Tunis,N/A,📍JARDINS DE CARTHAGE : APPARTEMENT S+2 RICHEMENT MEUBLÉ À LOUER,14/02/2025,https://www.tayara.tn/item/67fbb400ca3467b14e7d373a/Appartements/Tunis/Jardins_De_Carthage/JARDINS_DE_CARTHAGE_APPARTEMENT_S2_RICHEMENT_MEUBL_LOUER/
📍ENNASR 1  : APPARTEMENT S+1 A LOUER,900DT,Appartements,Ariana,N/A,📍ENNASR 1  : APPARTEMENT S+1 A LOUER,14/02/2025,https://www.tayara.tn/item/67fbb3eefd1c6385be4db381/Appartements/Ariana/Ennasr/ENNASR_1_APPARTEMENT_S1_A_LOUER/
📍ENNASR 2 : APPARTEMENT S+1 MEUBLE A LOUER,1310DT,Appartements,Ariana,N/A,📍ENNASR 2 : APPARTEMENT S+1 MEUBLE A LOUER,14/02/2025,https://www.tayara.tn/item/67fbb3dbfd1c6385be4db367/Appartements/Ariana/Cit_Ennasr_2/ENNASR_2_APPARTEMENT_S1_MEUBLE_A_LOUER_/
📍 MENZAH 5 : REZ-DE-CHAUSSÉE DE VILLA S+3 HAUT STANDING A LOUER,2900DT,Maisons et Villas,Ariana,N/A,📍 MENZAH 5 : REZ-DE-CHAUSSÉE DE VILLA S+3 HAUT STANDING A LOUER,14/02/2025,https://www.tayara.tn/item/67fbb3c6ca3467b14e7d36fb/Maisons%20et%20Villas/Ariana/El_Menzah_5/_MENZAH_5_REZDECHAUSSE_DE_VILLA_S3_HAUT_STANDING_A_LOUER_/
APPARTEMENT S+3 MEUBLÉ DE HAUT STANDING A LOUER  au Berges du Lac 2,3300DT,Appartements,Tunis,N/A,APPARTEMENT S+3 MEUBLÉ DE HAUT STANDING A LOUER  au Berges du Lac 2,14/02/2025,https://www.tayara.tn/item/67fbb3b0fd1c6385be4db330/Appartements/Tunis/Lac_2/APPARTEMENT_S3_MEUBL_DE_HAUT_STANDING_A_LOUER_au_Berges_du_Lac_2/
Pied dans L'eau,53586276DT,Locations de vacances,Sousse,N/A,Pied dans L'eau,14/02/2025,https://www.tayara.tn/item/67fbb3a7fd1c6385be4db320/Locations%20de%20vacances/Sousse/Chatt_mariem/Pied_dans_Leau/
Terrain pour villa Ain km10,123DT,Terrains et Fermes,Sfax,N/A,Terrain pour villa Ain km10,14/02/2025,https://www.tayara.tn/item/67fbb31cca3467b14e7d364d/Terrains%20et%20Fermes/Sfax/Route_El_Ain/Terrain_pour_villa_Ain_km10/
A vendre un appartement S+2 - Cité Ennasr 1,290000DT,Appartements,Ariana,N/A,A vendre un appartement S+2 - Cité Ennasr 1,14/02/2025,https://www.tayara.tn/item/67fbb2e6fd1c6385be4db235/Appartements/Ariana/Cit_Ennasr_2/A_vendre_un_appartement_S2_Cit_Ennasr_1/
وسيط عقاري,N/A,Maisons et Villas,Tunis,N/A,وسيط عقاري,14/02/2025,https://www.tayara.tn/item/67fbb1e6fd1c6385be4db129/Maisons%20et%20Villas/Tunis/Autres_Villes/_/
📍GHAZELA 1  : REZ-DE-CHAUSSÉE D’UNE VILLA S+3 A LOUER,1300DT,Maisons et Villas,Ariana,N/A,📍GHAZELA 1  : REZ-DE-CHAUSSÉE D’UNE VILLA S+3 A LOUER,14/02/2025,https://www.tayara.tn/item/67fbb1a9fd1c6385be4db0dc/Maisons%20et%20Villas/Ariana/Ghazela/GHAZELA_1_REZDECHAUSSE_DUNE_VILLA_S3_A_LOUER/
1 lit dans un studio contient 4 lits a louer a omrane supérieur contient 4 lits pour des filles,N/A,Maisons et Villas,Tunis,N/A,1 lit dans un studio contient 4 lits a louer a omrane supérieur contient 4 lits pour des filles,14/02/2025,https://www.tayara.tn/item/67fbb191fd1c6385be4db0c3/Maisons%20et%20Villas/Tunis/El_Omrane_Suprieur/1_lit_dans_un_studio_contient_4_lits_a_louer_a_omrane_suprieur_contient_4_lits_pour_des_filles/
📍 MENZAH 9C : APPARTEMENT S+1 MEUBLÉ À LOUER,1250DT,Appartements,Tunis,N/A,📍 MENZAH 9C : APPARTEMENT S+1 MEUBLÉ À LOUER,14/02/2025,https://www.tayara.tn/item/67fbb18dca3467b14e7d3492/Appartements/Tunis/Menzah/_MENZAH_9C_APPARTEMENT_S1_MEUBL_LOUER/
📍 LES BERGES DU LAC 2 : DUPLEX LUXUEUX À LOUER,4000DT,Maisons et Villas,Tunis,N/A,📍 LES BERGES DU LAC 2 : DUPLEX LUXUEUX À LOUER,14/02/2025,https://www.tayara.tn/item/67fbb17bca3467b14e7d347b/Maisons%20et%20Villas/Tunis/Lac_2/_LES_BERGES_DU_LAC_2_DUPLEX_LUXUEUX_LOUER/
📍BARDO : APPARTEMENT S+1 RICHEMENT MEUBLÉ A LOUER,1050DT,Appartements,Tunis,N/A,📍BARDO : APPARTEMENT S+1 RICHEMENT MEUBLÉ A LOUER,14/02/2025,https://www.tayara.tn/item/67fbb169fd1c6385be4db09a/Appartements/Tunis/Le_Bardo/BARDO_APPARTEMENT_S1_RICHEMENT_MEUBL_A_LOUER_/
Un étage de type S+2 à Khézama Gharbya,800DT,Appartements,Sousse,N/A,Un étage de type S+2 à Khézama Gharbya,14/02/2025,https://www.tayara.tn/item/67fbb168fd1c6385be4db097/Appartements/Sousse/Khzema/Un_tage_de_type_S2_Khzama_Gharbya/
📍 ENNASR 2: BUREAU H+2 À LOUER,1800DT,Bureaux et Plateaux,Ariana,N/A,📍 ENNASR 2: BUREAU H+2 À LOUER,14/02/2025,https://www.tayara.tn/item/67fbb14ffd1c6385be4db080/Bureaux%20et%20Plateaux/Ariana/Ennasr/_ENNASR_2_BUREAU_H2_LOUER_/
APPARTEMENT S+3 SPACIEUX À CHOTRANA 1,460000DT,Appartements,Ariana,N/A,APPARTEMENT S+3 SPACIEUX À CHOTRANA 1,14/02/2025,https://www.tayara.tn/item/67601f9ab7de28167ebfc308/Appartements/Ariana/Chotrana_1/APPARTEMENT_S3_SPACIEUX_CHOTRANA_1/
local commercial Ariana Ville,1300DT,"Magasins, Commerces et Locaux industriels",Ariana,N/A,local commercial Ariana Ville,14/02/2025,https://www.tayara.tn/item/67fbb064ca3467b14e7d3367/Magasins%2C%20Commerces%20et%20Locaux%20industriels/Ariana/Ariana_Ville/local_commercial_Ariana_Ville/
ارض فلاحية للبيع,N/A,Terrains et Fermes,Le Kef,N/A,ارض فلاحية للبيع,14/02/2025,https://www.tayara.tn/item/67fbafd2fd1c6385be4daf1e/Terrains%20et%20Fermes/Le_Kef/El_Ksour/_/
S2 à Dar Fadhal,750DT,Appartements,Ariana,N/A,S2 à Dar Fadhal,14/02/2025,https://www.tayara.tn/item/670b99144fca0ca2a8a78808/Appartements/Ariana/Dar_Fadhal/S2_Dar_Fadhal_/
S2 AU JARDINS DE CARTHAGE,2500DT,Appartements,Tunis,N/A,S2 AU JARDINS DE CARTHAGE,14/02/2025,https://www.tayara.tn/item/67bb8521bf049e957eaeaef2/Appartements/Tunis/Carthage/S2_AU_JARDINS_DE_CARTHAGE/
a vendre un appart S+3 a ain zaghouan,295000DT,Appartements,Tunis,N/A,a vendre un appart S+3 a ain zaghouan,14/02/2025,https://www.tayara.tn/item/67fbaeeffd1c6385be4dae2e/Appartements/Tunis/L_Aouina/a_vendre_un_appart_S3_a_ain_zaghouan/
Terrain El  Ghrabi Proche Lycée H- Sousse 2,463200DT,Terrains et Fermes,Sousse,N/A,Terrain El  Ghrabi Proche Lycée H- Sousse 2,14/02/2025,https://www.tayara.tn/item/67977445a487ea2259bece9e/Terrains%20et%20Fermes/Sousse/Hammam_Sousse/Terrain_El_Ghrabi_Proche_Lyce_H_Sousse_2/
Villa Chef d'oeuvre à H Sousse,1500000DT,Maisons et Villas,Sousse,N/A,Villa Chef d'oeuvre à H Sousse,14/02/2025,https://www.tayara.tn/item/679f6795a487ea2259c3af1d/Maisons%20et%20Villas/Sousse/Hammam_Sousse/Villa_Chef_doeuvre_H_Sousse/
Appartement S+2 meublé à Av.Yasser Arafet Sahloul,1350DT,Appartements,Sousse,N/A,Appartement S+2 meublé à Av.Yasser Arafet Sahloul,14/02/2025,https://www.tayara.tn/item/67fbaec6ca3467b14e7d31c5/Appartements/Sousse/Sahloul/Appartement_S2_meubl_AvYasser_Arafet_Sahloul/
Port Kantaoui Nafoura Studio,195000DT,Appartements,Sousse,N/A,Port Kantaoui Nafoura Studio,14/02/2025,https://www.tayara.tn/item/66b5144339195605f04dfb40/Appartements/Sousse/Kantaoui/Port_Kantaoui_Nafoura_Studio_/
Villa avec piscine côté mer Hergla,1050000DT,Maisons et Villas,Sousse,N/A,Villa avec piscine côté mer Hergla,14/02/2025,https://www.tayara.tn/item/66f7c3b567b755ba9233eed5/Maisons%20et%20Villas/Sousse/Hergla/Villa_avec_piscine_ct_mer_Hergla_/
Spacieux S+3 Bon Etat à H- Sousse,340000DT,Appartements,Sousse,N/A,Spacieux S+3 Bon Etat à H- Sousse,14/02/2025,https://www.tayara.tn/item/67d16a56efd14d3d051fc414/Appartements/Sousse/Hammam_Sousse/Spacieux_S3_Bon_Etat_H_Sousse/
à louer appartements court séjour,79DT,Appartements,Tunis,N/A,à louer appartements court séjour,14/02/2025,https://www.tayara.tn/item/66bf551a92d9e2cb542f8858/Appartements/Tunis/L_Aouina/_louer_appartements_court_sjour_/
Villa Plain Pieds H- Sousse,1200DT,Maisons et Villas,Sousse,N/A,Villa Plain Pieds H- Sousse,14/02/2025,https://www.tayara.tn/item/676bf47ff39faeaa98c16dcd/Maisons%20et%20Villas/Sousse/Hammam_Sousse/Villa_Plain_Pieds_H_Sousse/
À Louer : Appartement S+2 Neuf – Haut Standing- sans meubles,1100DT,Appartements,Tunis,N/A,À Louer : Appartement S+2 Neuf – Haut Standing- sans meubles,14/02/2025,https://www.tayara.tn/item/67fbae41fd1c6385be4dad7f/Appartements/Tunis/L_Aouina/_Louer_Appartement_S2_Neuf_Haut_Standing_sans_meubles/
terrain  vendre -bourgba morning,255DT,Terrains et Fermes,La Manouba,N/A,terrain  vendre -bourgba morning,14/02/2025,https://www.tayara.tn/item/67fbae0ffd1c6385be4dad4d/Terrains%20et%20Fermes/La_Manouba/Mornaguia/terrain_vendre_bourgba_morning_/
a vendre une villa a el manar 1,780000DT,Maisons et Villas,Tunis,N/A,a vendre une villa a el manar 1,14/02/2025,https://www.tayara.tn/item/67fbadd8fd1c6385be4dad1e/Maisons%20et%20Villas/Tunis/El_Manar_1/a_vendre_une_villa_a_el_manar_1/
Borj cedria à louer un Appartement haut standing ; S +4 + 2 salles de bains,N/A,Appartements,Ben Arous,N/A,Borj cedria à louer un Appartement haut standing ; S +4 + 2 salles de bains,14/02/2025,https://www.tayara.tn/item/67fbad7bca3467b14e7d306e/Appartements/Ben_Arous/Borj_Cedria/Borj_cedria_louer_un_Appartement_haut_standing_S_4_2_salles_de_bains_/
A louer S+1 Neuf à Soukra,1100DT,Appartements,Ariana,N/A,A louer S+1 Neuf à Soukra,14/02/2025,https://www.tayara.tn/item/67bee9f2bf049e957eb0ad13/Appartements/Ariana/Chotrana_1/A_louer_S1_Neuf_Soukra/
A louer S2 Spacieux la soukra parc,1400DT,Appartements,Ariana,N/A,A louer S2 Spacieux la soukra parc,14/02/2025,https://www.tayara.tn/item/67d02174efd14d3d051f0733/Appartements/Ariana/La_Soukra/A_louer_S2_Spacieux_la_soukra_parc/
Villa S+4 a Vendre,640000DT,Maisons et Villas,Mahdia,N/A,Villa S+4 a Vendre,14/02/2025,https://www.tayara.tn/item/67fa844ffd1c6385be4ce217/Maisons%20et%20Villas/Mahdia/Autres_Villes/Villa_S4_a_Vendre_/
Terrain à Ariana (344 M²),128000000DT,Terrains et Fermes,Ariana,N/A,Terrain à Ariana (344 M²),14/02/2025,https://www.tayara.tn/item/67fbab9efd1c6385be4daa66/Terrains%20et%20Fermes/Ariana/Ghazela/Terrain_Ariana_344_M/
A Louer Un Dépôt prés Kiosque AGIL Sahloul,700DT,"Magasins, Commerces et Locaux industriels",Sousse,N/A,A Louer Un Dépôt prés Kiosque AGIL Sahloul,14/02/2025,https://www.tayara.tn/item/67fbab9cca3467b14e7d2e3a/Magasins%2C%20Commerces%20et%20Locaux%20industriels/Sousse/Khzema/A_Louer_Un_Dpt_prs_Kiosque_AGIL_Sahloul/
A vendre un Terrain à Carthage 400m2 côté cimetière américain,800000DT,Terrains et Fermes,Tunis,N/A,A vendre un Terrain à Carthage 400m2 côté cimetière américain,14/02/2025,https://www.tayara.tn/item/67fbab6ffd1c6385be4daa3e/Terrains%20et%20Fermes/Tunis/Carthage/A_vendre_un_Terrain_Carthage_400m2_ct_cimetire_amricain/
a vendre une villa a menzah 9b,920000DT,Maisons et Villas,Tunis,N/A,a vendre une villa a menzah 9b,14/02/2025,https://www.tayara.tn/item/67fbab57ca3467b14e7d2df1/Maisons%20et%20Villas/Tunis/El_Menzah_9/a_vendre_une_villa_a_menzah_9b/
A VENDRE S+1 AVEC JARDIN  chotrana,315000DT,Appartements,Ariana,N/A,A VENDRE S+1 AVEC JARDIN  chotrana,14/02/2025,https://www.tayara.tn/item/67f51320ca3467b14e77ba76/Appartements/Ariana/Chotrana_1/A_VENDRE_S1_AVEC_JARDIN_chotrana/
Appartement S+2 avec Parking s-sol à Sahloul 4,260000DT,Appartements,Sousse,N/A,Appartement S+2 avec Parking s-sol à Sahloul 4,14/02/2025,https://www.tayara.tn/item/67fbaa07fd1c6385be4da8cf/Appartements/Sousse/Sahloul/Appartement_S2_avec_Parking_ssol_Sahloul_4/
a vendre une villa a menzah 9B,1050000DT,Maisons et Villas,Tunis,N/A,a vendre une villa a menzah 9B,14/02/2025,https://www.tayara.tn/item/67fba98dfd1c6385be4da864/Maisons%20et%20Villas/Tunis/El_Menzah_9/a_vendre_une_villa_a_menzah_9B/
"S+3 à vendre, jamais été habité",235000DT,Appartements,Mahdia,N/A,"S+3 à vendre, jamais été habité",14/02/2025,https://www.tayara.tn/item/6780dbd27041684afebd9044/Appartements/Mahdia/Mahdia/S3_vendre_jamais_t_habit/
a vendre un terrain de 265m a menzah 9c,350000DT,Terrains et Fermes,Tunis,N/A,a vendre un terrain de 265m a menzah 9c,14/02/2025,https://www.tayara.tn/item/67fba8dcca3467b14e7d2b97/Terrains%20et%20Fermes/Tunis/El_Menzah_9/a_vendre_un_terrain_de_265m_a_menzah_9c/
"Villa "" APOLLO """,980000DT,Maisons et Villas,Nabeul,N/A,"Villa "" APOLLO """,14/02/2025,https://www.tayara.tn/item/6748a8e03c20a99fb55b54f7/Maisons%20et%20Villas/Nabeul/Hammamet/Villa_APOLLO_/
"Villa "" JIMBARAN """,880000DT,Maisons et Villas,Nabeul,N/A,"Villa "" JIMBARAN """,14/02/2025,https://www.tayara.tn/item/6744c9180d8480a1e01739a2/Maisons%20et%20Villas/Nabeul/Hammamet/Villa_JIMBARAN_/
A Vendre une Villa à Tantana Chatt Mariem,450000DT,Maisons et Villas,Sousse,N/A,A Vendre une Villa à Tantana Chatt Mariem,14/02/2025,https://www.tayara.tn/item/67fba875ca3467b14e7d2b0f/Maisons%20et%20Villas/Sousse/Chatt_mariem/A_Vendre_une_Villa_Tantana_Chatt_Mariem/
a vendre une villa a el manar 1,790000DT,Maisons et Villas,Tunis,N/A,a vendre une villa a el manar 1,14/02/2025,https://www.tayara.tn/item/67fba85afd1c6385be4da738/Maisons%20et%20Villas/Tunis/El_Manar_1/a_vendre_une_villa_a_el_manar_1/
a vendre une villa bien sutuer a el manar 1,930000DT,Maisons et Villas,Tunis,N/A,a vendre une villa bien sutuer a el manar 1,14/02/2025,https://www.tayara.tn/item/67fba78efd1c6385be4da65a/Maisons%20et%20Villas/Tunis/El_Manar_1/a_vendre_une_villa_bien_sutuer_a_el_manar_1/
"APPARTEMENT S+3 à MAHDIA - Sidi Massoud ""JBAL DAR OUAJA""",260000DT,Maisons et Villas,Mahdia,N/A,"APPARTEMENT S+3 à MAHDIA - Sidi Massoud ""JBAL DAR OUAJA""",14/02/2025,https://www.tayara.tn/item/67ee6d91fd1c6385be43469e/Maisons%20et%20Villas/Mahdia/Ksour_Essef/APPARTEMENT_S3_MAHDIA_Sidi_Massoud_JBAL_DAR_OUAJA/
kochk,25DT,Autres Immobiliers,Ariana,N/A,kochk,14/02/2025,https://www.tayara.tn/item/67fba70dfd1c6385be4da5cb/Autres%20Immobiliers/Ariana/Ariana/kochk_/
Spacieux S+2 à Lac 2,2000DT,Appartements,Tunis,N/A,Spacieux S+2 à Lac 2,14/02/2025,https://www.tayara.tn/item/67fba6c4ca3467b14e7d2938/Appartements/Tunis/Lac_2/Spacieux_S2_Lac_2_/
Magnifique Apprt S2 bien meublé hautstanding 53260713 vue mer,N/A,Locations de vacances,Sousse,N/A,Magnifique Apprt S2 bien meublé hautstanding 53260713 vue mer,14/02/2025,https://www.tayara.tn/item/67fba595fd1c6385be4da3d0/Locations%20de%20vacances/Sousse/Hammam_Sousse/Magnifique_Apprt_S2_bien_meubl_hautstanding_53260713_vue_mer/
شقق مفروشة للايجار في تونس العاصمة للعائلات باليوم46347310,80DT,Appartements,Tunis,N/A,شقق مفروشة للايجار في تونس العاصمة للعائلات باليوم46347310,14/02/2025,https://www.tayara.tn/item/67fba53bfd1c6385be4da36a/Appartements/Tunis/Tunis/_46347310_/
Locations par nuitées 53260713,60DT,Locations de vacances,Sousse,N/A,Locations par nuitées 53260713,14/02/2025,https://www.tayara.tn/item/67fba531ca3467b14e7d2754/Locations%20de%20vacances/Sousse/Sousse/Locations_par_nuites_53260713/
A Louer appartement  S+3 à cité Ennaser ( près café Randa et mosquée Gaza ),1250DT,Appartements,Ariana,N/A,A Louer appartement  S+3 à cité Ennaser ( près café Randa et mosquée Gaza ),14/02/2025,https://www.tayara.tn/item/67fba4d0ca3467b14e7d26da/Appartements/Ariana/Ennasr/A_Louer_appartement_S3_cit_Ennaser_prs_caf_Randa_et_mosque_Gaza_/
"À VENDRE DUPLEX DE 232,3 M² À SOUKRA PARC",570000DT,Appartements,Ariana,N/A,"À VENDRE DUPLEX DE 232,3 M² À SOUKRA PARC",14/02/2025,https://www.tayara.tn/item/67dd2bdbca3467b14e698a41/Appartements/Ariana/La_Soukra/_VENDRE_DUPLEX_DE_2323_M_SOUKRA_PARC/
"Villa "" NUSA PENIDA """,1250000DT,Maisons et Villas,Nabeul,N/A,"Villa "" NUSA PENIDA """,14/02/2025,https://www.tayara.tn/item/6748a5183c20a99fb55b51aa/Maisons%20et%20Villas/Nabeul/Hammamet/Villa_NUSA_PENIDA_/
OPPORTUNITÉ A VENDRE S+2 CHOTRANA 1 LA SOUKRA,190000DT,Appartements,Ariana,N/A,OPPORTUNITÉ A VENDRE S+2 CHOTRANA 1 LA SOUKRA,14/02/2025,https://www.tayara.tn/item/67f7af76ca3467b14e79b146/Appartements/Ariana/Chotrana_1/OPPORTUNIT_A_VENDRE_S2_CHOTRANA_1_LA_SOUKRA/
Duplex S+4 à la soukra chotrana 1,850000DT,Maisons et Villas,Ariana,N/A,Duplex S+4 à la soukra chotrana 1,14/02/2025,https://www.tayara.tn/item/672a02cc981bc29b64455098/Maisons%20et%20Villas/Ariana/Chotrana_1/Duplex_S4_la_soukra_chotrana_1/
"Villa "" SEBASTIAN""",890000DT,Maisons et Villas,Nabeul,N/A,"Villa "" SEBASTIAN""",14/02/2025,https://www.tayara.tn/item/6744cb023c20a99fb558e95e/Maisons%20et%20Villas/Nabeul/Hammamet/Villa_SEBASTIAN/
dépôt à louer,N/A,"Magasins, Commerces et Locaux industriels",Ben Arous,N/A,dépôt à louer,14/02/2025,https://www.tayara.tn/item/67fba3fefd1c6385be4da203/Magasins%2C%20Commerces%20et%20Locaux%20industriels/Ben_Arous/Fouchana/dpt_louer_/
A vendre un terrain 2 Hectars et demi à Morneg sur l'autoroute Tunis-Hammamet,350000DT,Terrains et Fermes,Ben Arous,N/A,A vendre un terrain 2 Hectars et demi à Morneg sur l'autoroute Tunis-Hammamet,14/02/2025,https://www.tayara.tn/item/67f3ed6cca3467b14e76df50/Terrains%20et%20Fermes/Ben_Arous/Mornag/A_vendre_un_terrain_2_Hectars_et_demi_Morneg_sur_lautoroute_TunisHammamet/
Location garage,950DT,"Magasins, Commerces et Locaux industriels",Ben Arous,N/A,Location garage,14/02/2025,https://www.tayara.tn/item/67fba34afd1c6385be4da15d/Magasins%2C%20Commerces%20et%20Locaux%20industriels/Ben_Arous/El_Mourouj_4/Location_garage/
maison a vendre a el mallassin,45000DT,Maisons et Villas,Tunis,N/A,maison a vendre a el mallassin,14/02/2025,https://www.tayara.tn/item/67fba2eafd1c6385be4da0f0/Maisons%20et%20Villas/Tunis/Tunis/maison_a_vendre_a_el_mallassin_/
Terrain habitation ind. en vente,410000DT,Terrains et Fermes,Tunis,N/A,Terrain habitation ind. en vente,14/02/2025,https://www.tayara.tn/item/67d1611defd14d3d051fbbd2/Terrains%20et%20Fermes/Tunis/La_Goulette/Terrain_habitation_ind_en_vente/
Appartement S+2 en vente,287000DT,Appartements,Tunis,N/A,Appartement S+2 en vente,14/02/2025,https://www.tayara.tn/item/67f3a2ebca3467b14e76850b/Appartements/Tunis/Le_Kram/Appartement_S2_en_vente/
appartement,650DT,Appartements,Ben Arous,N/A,appartement,14/02/2025,https://www.tayara.tn/item/67fba21bfd1c6385be4da022/Appartements/Ben_Arous/El_Mourouj_3/appartement/
للكراء باليوم و الأسبوع S+1 S+2,60DT,Maisons et Villas,Sousse,N/A,للكراء باليوم و الأسبوع S+1 S+2,14/02/2025,https://www.tayara.tn/item/67fba211fd1c6385be4da013/Maisons%20et%20Villas/Sousse/Chatt_mariem/_S1_S2_/
Appartement en s+2 à vendre,345000DT,Appartements,Tunis,N/A,Appartement en s+2 à vendre,14/02/2025,https://www.tayara.tn/item/67f6900cca3467b14e78e321/Appartements/Tunis/Le_Kram/Appartement_en_s2_vendre_/
Villa S+4,4500DT,Maisons et Villas,Ariana,N/A,Villa S+4,14/02/2025,https://www.tayara.tn/item/679cb9a3a487ea2259c22e82/Maisons%20et%20Villas/Ariana/Chotrana_2/Villa_S4/
Terrain à Kélibia 5min de la plage pieds,N/A,Terrains et Fermes,Nabeul,N/A,Terrain à Kélibia 5min de la plage pieds,14/02/2025,https://www.tayara.tn/item/67fba1a9ca3467b14e7d239e/Terrains%20et%20Fermes/Nabeul/Klibia/Terrain_Klibia_5min_de_la_plage_pieds/
Villa en S+4,940000DT,Maisons et Villas,Ariana,N/A,Villa en S+4,14/02/2025,https://www.tayara.tn/item/67975b5f6286c241457732b6/Maisons%20et%20Villas/Ariana/Chotrana_3/Villa_en_S4/
Terrain de 524 m²,707400DT,Terrains et Fermes,Ariana,,Terrain de 524 m²,14/02/2025,https://www.tayara.tn/item/67dea16cfd1c6385be3ad13e/Terrains%20et%20Fermes/Ariana/Chotrana_3/Terrain_de_524_m/
S+2 à louer Aouina,N/A,Appartements,Tunis,N/A,S+2 à louer Aouina,14/02/2025,https://www.tayara.tn/item/67f3b6fdfd1c6385be471b21/Appartements/Tunis/Ain_Zaghouen/S2_louer_Aouina/
Maison des citronniers Béni khiar,120DT,Locations de vacances,Nabeul,N/A,Maison des citronniers Béni khiar,14/02/2025,https://www.tayara.tn/item/67fba171fd1c6385be4d9f5e/Locations%20de%20vacances/Nabeul/Bni_Khiar/Maison_des_citronniers_Bni_khiar/
Villa individuelle en vente,825000DT,Maisons et Villas,Ben Arous,N/A,Villa individuelle en vente,14/02/2025,https://www.tayara.tn/item/67aa3f4686d5f7a45c170c19/Maisons%20et%20Villas/Ben_Arous/Boumhel/Villa_individuelle_en_vente/
Villa individuelle en vente,880000DT,Maisons et Villas,Ben Arous,N/A,Villa individuelle en vente,14/02/2025,https://www.tayara.tn/item/67587768b5e4ab395e778e64/Maisons%20et%20Villas/Ben_Arous/Mornag/Villa_individuelle_en_vente/
une villa au jardins de  l'aouina à vendre,1100000DT,Maisons et Villas,Tunis,N/A,une villa au jardins de  l'aouina à vendre,14/02/2025,https://www.tayara.tn/item/679359cb6286c2414574ce04/Maisons%20et%20Villas/Tunis/L_Aouina/une_villa_au_jardins_de_laouina_vendre/
villa au jardin  de l'aouina à vendre,1600000DT,Maisons et Villas,Tunis,N/A,villa au jardin  de l'aouina à vendre,14/02/2025,https://www.tayara.tn/item/67935e4d6286c2414574d22e/Maisons%20et%20Villas/Tunis/L_Aouina/villa_au_jardin_de_laouina_vendre/
terrain a hammam sousse,N/A,Terrains et Fermes,Sousse,N/A,terrain a hammam sousse,14/02/2025,https://www.tayara.tn/item/67fba009fd1c6385be4d9df7/Terrains%20et%20Fermes/Sousse/Hammam_Sousse/terrain_a_hammam_sousse/
S+1  à vendre avec une terrasse,210000DT,Appartements,Tunis,N/A,S+1  à vendre avec une terrasse,14/02/2025,https://www.tayara.tn/item/67f54b19fd1c6385be48757d/Appartements/Tunis/L_Aouina/S1_vendre_avec_une_terrasse/
🔔𝑵𝒐𝒖𝒗𝒆𝒍𝒍𝒆 𝑶𝒑𝒑𝒐𝒓𝒕𝒖𝒏𝒊𝒕𝒆́ 🔔,850000DT,Appartements,Tunis,N/A,🔔𝑵𝒐𝒖𝒗𝒆𝒍𝒍𝒆 𝑶𝒑𝒑𝒐𝒓𝒕𝒖𝒏𝒊𝒕𝒆́ 🔔,14/02/2025,https://www.tayara.tn/item/67c2dadc119f0ab09bcdabfc/Appartements/Tunis/Lac_2/_/
Appartement en S+2 en location,2500DT,Appartements,Tunis,N/A,Appartement en S+2 en location,14/02/2025,https://www.tayara.tn/item/67e3bcb7fd1c6385be3dadae/Appartements/Tunis/Lac_2/Appartement_en_S2_en_location_/
S+1 à vendre à sousse chat mariem,140000DT,Appartements,Sousse,N/A,S+1 à vendre à sousse chat mariem,14/02/2025,https://www.tayara.tn/item/67fb9f06fd1c6385be4d9cf1/Appartements/Sousse/Chatt_mariem/S1_vendre_sousse_chat_mariem_/
dépôt ou local à louer دبو او محل للكراء,44115032DT,"Magasins, Commerces et Locaux industriels",Sfax,N/A,dépôt ou local à louer دبو او محل للكراء,14/02/2025,https://www.tayara.tn/item/67fb9ebdfd1c6385be4d9ca1/Magasins%2C%20Commerces%20et%20Locaux%20industriels/Sfax/Sfax/dpt_ou_local_louer_/
Appartement S+2 à vendre 54 193 555,210000DT,Appartements,Sousse,N/A,Appartement S+2 à vendre 54 193 555,14/02/2025,https://www.tayara.tn/item/67fb9ebcca3467b14e7d20f4/Appartements/Sousse/Akouda/Appartement_S2_vendre_54_193_555_/
أرض للبيع في سيدي منصور,29000DT,Terrains et Fermes,Sfax,N/A,أرض للبيع في سيدي منصور,14/02/2025,https://www.tayara.tn/item/67fb9e63ca3467b14e7d2098/Terrains%20et%20Fermes/Sfax/Sakiet_Eddaer/_/
Local commercial à vendre,N/A,"Magasins, Commerces et Locaux industriels",Sfax,N/A,Local commercial à vendre,14/02/2025,https://www.tayara.tn/item/67fb9e3efd1c6385be4d9c2e/Magasins%2C%20Commerces%20et%20Locaux%20industriels/Sfax/Sfax/Local_commercial_vendre/
Terrain à vendre à hammamet sud 27246303,62500DT,Terrains et Fermes,Nabeul,N/A,Terrain à vendre à hammamet sud 27246303,14/02/2025,https://www.tayara.tn/item/67e020aafd1c6385be3b9d29/Terrains%20et%20Fermes/Nabeul/Hammamet/Terrain_vendre_hammamet_sud_27246303/
maison Bab laassal impass el ghanaya,450DT,Maisons et Villas,Tunis,N/A,maison Bab laassal impass el ghanaya,14/02/2025,https://www.tayara.tn/item/67fb9de8ca3467b14e7d200f/Maisons%20et%20Villas/Tunis/Autres_Villes/maison_Bab_laassal_impass_el_ghanaya/
À VENDRE : Villa de charme à Manar 3,1800000DT,Maisons et Villas,Tunis,N/A,À VENDRE : Villa de charme à Manar 3,14/02/2025,https://www.tayara.tn/item/673f5db40d8480a1e0140a1a/Maisons%20et%20Villas/Tunis/Manar/_VENDRE_Villa_de_charme_Manar_3/
Vente Apparemment S+3,220000DT,Appartements,Ben Arous,N/A,Vente Apparemment S+3,14/02/2025,https://www.tayara.tn/item/67fb9d80fd1c6385be4d9b83/Appartements/Ben_Arous/El_Mourouj/Vente_Apparemment_S3/
Local commercial a Souk Lahad,140000DT,"Magasins, Commerces et Locaux industriels",Sousse,N/A,Local commercial a Souk Lahad,14/02/2025,https://www.tayara.tn/item/67e53153ca3467b14e6dfe7d/Magasins%2C%20Commerces%20et%20Locaux%20industriels/Sousse/Sousse/Local_commercial_a_Souk_Lahad/
ارض بها منزل للبيع,390000DT,Terrains et Fermes,Bizerte,N/A,ارض بها منزل للبيع,14/02/2025,https://www.tayara.tn/item/67fb9d48fd1c6385be4d9b59/Terrains%20et%20Fermes/Bizerte/Ras_Jebel/_/
Duplex en s+3 à vendre,1300000DT,Appartements,Tunis,N/A,Duplex en s+3 à vendre,14/02/2025,https://www.tayara.tn/item/67ae0d4586d5f7a45c198c7e/Appartements/Tunis/Lac_2/Duplex_en_s3_vendre_/
Terrain A Venre (Chibaw),48000000DT,Terrains et Fermes,La Manouba,N/A,Terrain A Venre (Chibaw),14/02/2025,https://www.tayara.tn/item/67fb9c4fca3467b14e7d1e8c/Terrains%20et%20Fermes/La_Manouba/Oued_Ellil/Terrain_A_Venre_Chibaw/
"🏡 À Louer : S+2 Très Haut Standing – Enn Zaghouan, près de la Clinique de la Soukra 🏡",1250DT,Maisons et Villas,Tunis,N/A,"🏡 À Louer : S+2 Très Haut Standing – Enn Zaghouan, près de la Clinique de la Soukra 🏡",14/02/2025,https://www.tayara.tn/item/67fb9c2afd1c6385be4d9a73/Maisons%20et%20Villas/Tunis/L_Aouina/_Louer_S2_Trs_Haut_Standing_Enn_Zaghouan_prs_de_la_Clinique_de_la_Soukra_/
S+1 direct promoteur,235000DT,Appartements,Mahdia,N/A,S+1 direct promoteur,14/02/2025,https://www.tayara.tn/item/67f0f6fcfd1c6385be4511d1/Appartements/Mahdia/Mahdia/S1_direct_promoteur/
a vendre s+2 a laouina bien orienté,225000DT,Appartements,Tunis,N/A,a vendre s+2 a laouina bien orienté,14/02/2025,https://www.tayara.tn/item/67fb9c11ca3467b14e7d1e4b/Appartements/Tunis/L_Aouina/a_vendre_s2_a_laouina_bien_orient_/
A vendre des sappartements s1 a ain zaghouan nord  direct promoteur,N/A,Appartements,Tunis,N/A,A vendre des sappartements s1 a ain zaghouan nord  direct promoteur,14/02/2025,https://www.tayara.tn/item/67fb9bfbca3467b14e7d1e3f/Appartements/Tunis/Ain_Zaghouan_Nord/A_vendre_des_sappartements_s1_a_ain_zaghouan_nord_direct_promoteur/
fond de commerce a vendre  dans une route principal a ain zaghouan,45000DT,"Magasins, Commerces et Locaux industriels",Tunis,N/A,fond de commerce a vendre  dans une route principal a ain zaghouan,14/02/2025,https://www.tayara.tn/item/67fb9be6fd1c6385be4d9a46/Magasins%2C%20Commerces%20et%20Locaux%20industriels/Tunis/Ain_Zaghouen/_fond_de_commerce_a_vendre_dans_une_route_principal_a_ain_zaghouan_/
à louer S+1 jamais habité haut standing à nouvelle soukra,1100DT,Appartements,Tunis,N/A,à louer S+1 jamais habité haut standing à nouvelle soukra,14/02/2025,https://www.tayara.tn/item/67fb9bd2ca3467b14e7d1e17/Appartements/Tunis/L_Aouina/_louer_S1_jamais_habit_haut_standing_nouvelle_soukra/
A vendre un spacieux appartement s1 a l’aouina cité wahat,N/A,Appartements,Tunis,N/A,A vendre un spacieux appartement s1 a l’aouina cité wahat,14/02/2025,https://www.tayara.tn/item/67fb9bb7fd1c6385be4d9a10/Appartements/Tunis/L_Aouina/A_vendre_un_spacieux_appartement_s1_a_laouina_cit_wahat_/
🏡 S+1 avec Jardin & Garage – Direct Promoteur 🏡,310000DT,Appartements,Tunis,N/A,🏡 S+1 avec Jardin & Garage – Direct Promoteur 🏡,14/02/2025,https://www.tayara.tn/item/67fb9b9dca3467b14e7d1ddd/Appartements/Tunis/L_Aouina/_S1_avec_Jardin_Garage_Direct_Promoteur_/
À Vendre : Appartement S+1 – Direct Promoteur – Nouvelle Soukra,211000DT,Appartements,Tunis,N/A,À Vendre : Appartement S+1 – Direct Promoteur – Nouvelle Soukra,14/02/2025,https://www.tayara.tn/item/67fb9b88ca3467b14e7d1dcd/Appartements/Tunis/L_Aouina/_Vendre_Appartement_S1_Direct_Promoteur_Nouvelle_Soukra/
ارض للبيع في صفاقس طريق الافران كلم 9,N/A,Terrains et Fermes,Sfax,N/A,ارض للبيع في صفاقس طريق الافران كلم 9,14/02/2025,https://www.tayara.tn/item/67fb9b78ca3467b14e7d1dbf/Terrains%20et%20Fermes/Sfax/Route_El_Afrane/_9/
a vendre un appartement s4 al'aouina cité wahat avec place parking sous-sol,420000DT,Appartements,Tunis,N/A,a vendre un appartement s4 al'aouina cité wahat avec place parking sous-sol,14/02/2025,https://www.tayara.tn/item/67fb9b72fd1c6385be4d99cf/Appartements/Tunis/L_Aouina/a_vendre_un_appartement_s4_alaouina_cit_wahat_avec_place_parking_soussol/
A vendre villa de 500 m² sur un terrain de 750 m² à ennasr 2,1050000DT,Maisons et Villas,Ariana,,A vendre villa de 500 m² sur un terrain de 750 m² à ennasr 2,14/02/2025,https://www.tayara.tn/item/67c1b24f119f0ab09bcd273d/Maisons%20et%20Villas/Ariana/Cit_Ennasr_2/A_vendre_villa_de_500_m_sur_un_terrain_de_750_m_ennasr_2/
a vendre un appartement s2 jamais habité a la nouvelle soukra avec place parking sous-sol,340000DT,Appartements,Tunis,N/A,a vendre un appartement s2 jamais habité a la nouvelle soukra avec place parking sous-sol,14/02/2025,https://www.tayara.tn/item/67fb9b5efd1c6385be4d99c2/Appartements/Tunis/Ain_Zaghouen/a_vendre_un_appartement_s2_jamais_habit_a_la_nouvelle_soukra_avec_place_parking_soussol_/
Laouina S+3 meublé à louer,2300DT,Appartements,Tunis,N/A,Laouina S+3 meublé à louer,14/02/2025,https://www.tayara.tn/item/67fb9b46fd1c6385be4d99a9/Appartements/Tunis/L_Aouina/Laouina_S3_meubl_louer/
A vendre des appartements direct promoteur haut standing a la nouvelle soukra,N/A,Appartements,Tunis,N/A,A vendre des appartements direct promoteur haut standing a la nouvelle soukra,14/02/2025,https://www.tayara.tn/item/67fb9b45ca3467b14e7d1d8c/Appartements/Tunis/Tunis/A_vendre_des_appartements_direct_promoteur_haut_standing_a_la_nouvelle_soukra/
a vendre s+2 direct promoteur nouvelle soukra,310000DT,Appartements,Tunis,N/A,a vendre s+2 direct promoteur nouvelle soukra,14/02/2025,https://www.tayara.tn/item/67fb9b35ca3467b14e7d1d7d/Appartements/Tunis/L_Aouina/a_vendre_s2_direct_promoteur_nouvelle_soukra/
a louer un appartement s1au rdc  aux jardin de l'aouina,900DT,Appartements,Tunis,N/A,a louer un appartement s1au rdc  aux jardin de l'aouina,14/02/2025,https://www.tayara.tn/item/67fb9b1bca3467b14e7d1d56/Appartements/Tunis/L_Aouina/a_louer_un_appartement_s1au_rdc_aux_jardin_de_laouina_/
a vendre s+3 a laouina,368000DT,Appartements,Tunis,N/A,a vendre s+3 a laouina,14/02/2025,https://www.tayara.tn/item/67fb9b03fd1c6385be4d996c/Appartements/Tunis/L_Aouina/a_vendre_s3_a_laouina/
Laouina S+3 au 2 ét avec terrasse,1200DT,Appartements,Tunis,N/A,Laouina S+3 au 2 ét avec terrasse,14/02/2025,https://www.tayara.tn/item/67fb9ae4fd1c6385be4d994a/Appartements/Tunis/L_Aouina/Laouina_S3_au_2_t_avec_terrasse/
L'Aouina S+2  à louer 6 ét,1350DT,Appartements,Tunis,N/A,L'Aouina S+2  à louer 6 ét,14/02/2025,https://www.tayara.tn/item/67fb9ab1ca3467b14e7d1cda/Appartements/Tunis/L_Aouina/LAouina_S2_louer_6_t/
a vendre s+3 a laouina,320000DT,Appartements,Tunis,N/A,a vendre s+3 a laouina,14/02/2025,https://www.tayara.tn/item/67fb9a80ca3467b14e7d1c9e/Appartements/Tunis/L_Aouina/a_vendre_s3_a_laouina_/
Laouina appt S+1 au 6 ét,185000DT,Appartements,Tunis,N/A,Laouina appt S+1 au 6 ét,14/02/2025,https://www.tayara.tn/item/67fb9a72fd1c6385be4d98c2/Appartements/Tunis/L_Aouina/Laouina_appt_S1_au_6_t/
Terrain 610 m² à vendre,129000DT,Terrains et Fermes,Sfax,,Terrain 610 m² à vendre,14/02/2025,https://www.tayara.tn/item/67e3df8bca3467b14e6d4ac9/Terrains%20et%20Fermes/Sfax/Route_Tunis/Terrain_610_m_vendre_/
a vendre s1 s2 a la nouvelle soukra,N/A,Appartements,Tunis,N/A,a vendre s1 s2 a la nouvelle soukra,14/02/2025,https://www.tayara.tn/item/67fb9a6afd1c6385be4d98b7/Appartements/Tunis/Ain_Zaghouen/a_vendre_s1_s2_a_la_nouvelle_soukra_/
фф a vendre s+2 direct promoteur remise de clé immédiate reste 5 appartement prix raisonnable,247000DT,Appartements,Tunis,N/A,фф a vendre s+2 direct promoteur remise de clé immédiate reste 5 appartement prix raisonnable,14/02/2025,https://www.tayara.tn/item/67fb9a4efd1c6385be4d9893/Appartements/Tunis/L_Aouina/_a_vendre_s2_direct_promoteur_remise_de_cl_immdiate_reste_5_appartement_prix_raisonnable_/
Jardins Laouina S+3 à vendre,268000DT,Appartements,Tunis,N/A,Jardins Laouina S+3 à vendre,14/02/2025,https://www.tayara.tn/item/67fb9a45ca3467b14e7d1c4c/Appartements/Tunis/L_Aouina/Jardins_Laouina_S3_vendre/
a vendre s+2 haut standing a ain Zaghouan,330000DT,Appartements,Tunis,N/A,a vendre s+2 haut standing a ain Zaghouan,14/02/2025,https://www.tayara.tn/item/67fb9a3aca3467b14e7d1c40/Appartements/Tunis/Ain_Zaghouan_Nord/a_vendre_s2_haut_standing_a_ain_Zaghouan_/
Terrain avec Permis à vendre,105000DT,Terrains et Fermes,Sfax,N/A,Terrain avec Permis à vendre,14/02/2025,https://www.tayara.tn/item/67e3e032ca3467b14e6d4b53/Terrains%20et%20Fermes/Sfax/Route_Tunis/Terrain_avec_Permis_vendre/
Terrain à vendre avec permis de bâtir,80000DT,Terrains et Fermes,Sfax,N/A,Terrain à vendre avec permis de bâtir,14/02/2025,https://www.tayara.tn/item/67e3e0a8ca3467b14e6d4ba5/Terrains%20et%20Fermes/Sfax/ROUTE_SALTANIA/Terrain_vendre_avec_permis_de_btir/
